ts,tempC,powerW,utilPct,memMB
2026-09-09T08:49:27,87,188,90,24018
2026-09-09T08:49:37,57,38.94,0,24018
2026-09-09T08:49:47,59,270.69,91,24018
2026-09-09T08:49:57,69,177.04,100,24018
2026-09-09T08:50:07,88,247.04,96,24018
2026-09-09T08:50:17,87,223.1,95,24018
2026-09-09T08:50:27,87,225.45,97,24018
2026-09-09T08:50:37,83,201.46,0,24018
2026-09-09T08:50:47,81,197.59,100,24030
2026-09-09T08:50:57,87,205.51,100,24030
2026-09-09T08:51:07,88,203.89,100,24030
2026-09-09T08:51:17,88,204.13,100,24030
2026-09-09T08:51:27,88,237.95,93,24030
2026-09-09T08:51:37,65,91.97,0,24030
2026-09-09T08:51:48,45,13.08,0,24030
2026-09-09T08:51:58,42,8.9,0,24030
2026-09-09T08:52:08,60,277.15,87,24030
2026-09-09T08:52:18,79,279.12,88,24030
2026-09-09T08:52:28,68,278.8,92,24030
2026-09-09T08:52:38,89,272.73,90,24030
2026-09-09T08:52:48,89,236.04,35,24030
2026-09-09T08:52:58,83,243.78,0,24030
2026-09-09T08:53:08,86,235.37,100,24030
2026-09-09T08:53:18,88,235.48,96,24030
2026-09-09T08:53:28,88,229.34,92,24030
2026-09-09T08:53:38,87,224.99,94,24030
2026-09-09T08:53:48,87,224.57,96,24030
2026-09-09T08:53:58,86,210.69,95,24030
2026-09-09T08:54:08,86,208.95,95,24030
2026-09-09T08:54:18,87,222.63,98,24030
2026-09-09T08:54:29,89,189.93,100,24030
2026-09-09T08:54:39,87,224.54,95,24030
2026-09-09T08:54:49,87,221.21,95,24030
2026-09-09T08:54:59,87,219.14,95,24030
2026-09-09T08:55:09,87,217.89,96,24030
2026-09-09T08:55:19,87,217.57,97,24030
2026-09-09T08:55:29,87,176.55,93,24030
2026-09-09T08:55:39,85,278.96,95,24030
2026-09-09T08:55:49,86,224.46,95,24030
2026-09-09T08:55:59,87,221.34,96,24030
2026-09-09T08:56:09,88,237.66,85,24030
2026-09-09T08:56:19,88,213.9,100,24030
2026-09-09T08:56:29,87,223.45,97,24030
2026-09-09T08:56:39,87,219.79,95,24030
2026-09-09T08:56:49,87,219.65,96,24030
2026-09-09T08:56:59,87,220.84,96,24030
2026-09-09T08:57:10,87,222.89,96,24030
2026-09-09T08:57:20,87,221.41,95,24030
2026-09-09T08:57:30,87,217.08,95,24030
2026-09-09T08:57:40,88,199.1,100,24030
2026-09-09T08:57:50,76,136.93,0,24030
2026-09-09T08:58:00,86,218.35,95,24030
2026-09-09T08:58:10,87,223.64,96,24030
2026-09-09T08:58:20,87,219.86,95,24030
2026-09-09T08:58:30,86,215.34,98,24030
2026-09-09T08:58:40,86,218.83,95,24030
2026-09-09T08:58:50,85,161.87,92,24032
2026-09-09T08:59:00,75,137.11,0,24034
2026-09-09T08:59:10,51,31.43,14,24034
2026-09-09T08:59:20,82,278.2,85,24034
2026-09-09T08:59:30,88,230.63,96,24034
2026-09-09T08:59:40,88,228.05,97,24034
2026-09-09T08:59:50,87,222.11,96,24034
2026-09-09T09:00:01,53,23.08,0,24034
2026-09-09T09:00:11,44,10.3,0,24034
2026-09-09T09:00:21,42,8.39,0,24034
2026-09-09T09:00:31,40,7.82,0,24034
2026-09-09T09:00:41,40,7.62,0,24034
2026-09-09T09:00:51,39,7.66,0,24034
2026-09-09T09:01:01,38,7.64,0,24034
2026-09-09T09:01:11,38,7.22,0,24034
2026-09-09T09:01:21,37,7.21,0,24034
2026-09-09T09:01:31,37,7.18,0,24034
2026-09-09T09:01:41,37,7.14,0,24034
2026-09-09T09:01:51,37,7.13,0,24034
2026-09-09T09:02:01,37,7.03,0,24034
2026-09-09T09:02:11,36,7.31,0,24034
2026-09-09T09:02:21,36,7.05,0,24034
2026-09-09T09:02:31,36,7.32,0,24034
2026-09-09T09:02:41,36,7.1,0,24034
2026-09-09T09:02:51,36,7.03,0,24034
2026-09-09T09:03:01,36,7.08,0,24034
2026-09-09T09:03:11,36,7.09,0,24034
2026-09-09T09:03:22,36,7.25,0,24034
2026-09-09T09:03:32,36,7.07,0,24034
2026-09-09T09:03:42,35,7.1,0,24034
2026-09-09T09:03:52,35,6.99,0,24034
2026-09-09T09:04:02,35,7.3,0,24034
2026-09-09T09:04:12,35,7.43,0,24034
2026-09-09T09:04:22,35,7.56,0,24034
2026-09-09T09:04:32,35,7.09,0,24034
2026-09-09T09:04:42,35,7.28,0,24034
2026-09-09T09:04:52,49,277.98,91,24034
2026-09-09T09:05:02,57,278.54,90,24034
2026-09-09T09:05:12,72,246.06,87,24034
2026-09-09T09:05:22,83,278.99,91,24034
2026-09-09T09:05:32,90,247.04,97,24034
2026-09-09T09:05:42,88,223.8,98,24034
2026-09-09T09:05:52,88,230.99,96,24034
2026-09-09T09:06:02,89,233.42,95,24034
2026-09-09T09:06:12,86,228.87,97,24034
2026-09-09T09:06:22,87,228.38,95,24034
2026-09-09T09:06:33,87,227.47,99,24034
2026-09-09T09:06:43,87,224.38,95,24034
2026-09-09T09:06:53,86,220.36,99,24034
2026-09-09T09:07:03,86,220.4,96,24034
2026-09-09T09:07:13,87,220.23,97,24034
2026-09-09T09:07:23,87,198.14,100,24034
2026-09-09T09:07:33,87,200.73,100,24034
2026-09-09T09:07:43,88,205.22,100,24034
2026-09-09T09:07:53,87,210.26,100,24034
2026-09-09T09:08:03,88,205.21,100,24034
2026-09-09T09:08:13,89,225.88,100,24034
2026-09-09T09:08:23,87,222.68,93,24034
2026-09-09T09:08:33,86,221.23,94,24034
2026-09-09T09:08:43,87,218.89,94,24034
2026-09-09T09:08:53,87,217.14,95,24034
2026-09-09T09:09:03,87,217.57,93,24034
2026-09-09T09:09:14,86,216.2,92,24034
2026-09-09T09:09:24,86,218.75,91,24034
2026-09-09T09:09:34,86,214.66,91,24034
2026-09-09T09:09:44,87,220.59,93,24034
2026-09-09T09:09:54,85,219.78,100,24034
2026-09-09T09:10:04,86,215.44,88,24034
2026-09-09T09:10:14,86,214.93,92,24034
2026-09-09T09:10:24,86,209.43,88,24034
2026-09-09T09:10:34,86,214.51,88,24034
2026-09-09T09:10:44,86,214.86,91,24034
2026-09-09T09:10:54,54,24.64,0,24034
2026-09-09T09:11:04,78,259.85,100,24034
2026-09-09T09:11:14,87,218.25,98,24034
2026-09-09T09:11:24,87,212.23,100,24034
2026-09-09T09:11:34,88,214.52,100,24034
2026-09-09T09:11:44,90,217.3,99,24066
2026-09-09T09:11:55,87,211.98,100,24066
2026-09-09T09:12:05,90,200.37,100,24066
2026-09-09T09:12:15,73,165.99,98,24066
2026-09-09T09:12:25,89,269.78,90,24066
2026-09-09T09:12:35,88,228.49,94,24066
2026-09-09T09:12:45,88,224.79,95,24066
2026-09-09T09:12:55,81,156.73,0,24066
2026-09-09T09:13:05,50,17.97,0,24066
2026-09-09T09:13:15,44,9.96,0,24066
2026-09-09T09:13:25,42,8.42,0,24066
2026-09-09T09:13:35,41,8.07,0,24066
2026-09-09T09:13:45,40,7.63,0,24066
2026-09-09T09:13:55,39,7.67,0,24066
2026-09-09T09:14:05,39,7.28,0,24066
2026-09-09T09:14:15,38,7.45,0,24066
2026-09-09T09:14:25,38,7.19,0,24066
2026-09-09T09:14:36,38,7.2,0,24066
2026-09-09T09:14:46,37,7.4,0,24066
2026-09-09T09:14:56,37,7.08,0,24066
2026-09-09T09:15:06,37,7.38,0,24066
2026-09-09T09:15:16,37,7.11,0,24066
2026-09-09T09:15:26,36,7.07,0,24066
2026-09-09T09:15:36,36,7.08,0,24066
2026-09-09T09:15:46,36,7.05,0,24066
2026-09-09T09:15:56,36,7.29,0,24066
2026-09-09T09:16:06,36,7.1,0,24066
2026-09-09T09:16:16,36,7.29,0,24066
2026-09-09T09:16:26,36,7.04,0,24066
2026-09-09T09:16:36,36,7.11,0,24066
2026-09-09T09:16:46,36,7.1,0,24066
2026-09-09T09:16:56,35,7.32,0,24066
2026-09-09T09:17:06,35,7.1,0,24066
2026-09-09T09:17:17,35,7.35,0,24066
2026-09-09T09:17:27,35,6.85,0,24066
2026-09-09T09:17:37,35,7.37,0,24066
2026-09-09T09:17:47,35,7.13,0,24066
2026-09-09T09:17:57,35,7.12,0,24066
2026-09-09T09:18:07,35,7.13,0,24066
2026-09-09T09:18:17,35,7.29,0,24066
2026-09-09T09:18:27,35,7.07,0,24066
2026-09-09T09:18:37,35,7.09,0,24066
2026-09-09T09:18:47,34,7.12,0,24066
2026-09-09T09:18:57,34,7.06,0,24066
2026-09-09T09:19:07,34,7.28,0,24066
2026-09-09T09:19:17,34,7.05,0,24066
2026-09-09T09:19:27,34,7.27,0,24066
2026-09-09T09:19:37,34,7.08,0,24066
2026-09-09T09:19:47,34,7.13,0,24066
2026-09-09T09:19:57,34,7.08,0,24066
2026-09-09T09:20:08,34,7.09,0,24066
2026-09-09T09:20:18,34,7.35,0,24066
2026-09-09T09:20:28,34,7.09,0,24066
2026-09-09T09:20:38,34,7.3,0,24066
2026-09-09T09:20:48,34,7.02,0,24066
2026-09-09T09:20:58,34,7.06,0,24066
2026-09-09T09:21:08,34,7.05,0,24066
2026-09-09T09:21:18,34,7.29,0,24066
2026-09-09T09:21:28,34,7.09,0,24066
2026-09-09T09:21:38,34,7.06,0,24066
2026-09-09T09:21:48,33,7.31,0,24066
2026-09-09T09:21:58,33,7.04,0,24066
2026-09-09T09:22:08,33,7.29,0,24066
2026-09-09T09:22:18,33,7.07,0,24066
2026-09-09T09:22:28,33,7.27,0,24066
2026-09-09T09:22:38,33,7.04,0,24066
2026-09-09T09:22:48,33,7.07,0,24066
2026-09-09T09:22:58,33,7.23,0,24066
2026-09-09T09:23:09,33,7.04,0,24066
2026-09-09T09:23:19,33,7.32,0,24066
2026-09-09T09:23:29,33,7.08,0,24066
2026-09-09T09:23:39,33,7.1,0,24066
2026-09-09T09:23:49,33,7.1,0,24066
2026-09-09T09:23:59,33,7.12,0,24066
2026-09-09T09:24:09,33,7.33,0,24066
2026-09-09T09:24:19,33,7.38,0,24066
2026-09-09T09:24:29,33,7.13,0,24066
2026-09-09T09:24:39,33,7.07,0,24066
2026-09-09T09:24:49,33,7.33,0,24066
2026-09-09T09:24:59,33,7.08,0,24066
2026-09-09T09:25:09,33,7.28,0,24066
2026-09-09T09:25:19,33,7.07,0,24066
2026-09-09T09:25:29,33,7.08,0,24066
2026-09-09T09:25:39,33,7.32,0,24066
2026-09-09T09:25:49,33,7.1,0,24066
2026-09-09T09:26:00,33,7.1,0,24066
2026-09-09T09:26:10,33,7.39,0,24066
2026-09-09T09:26:20,33,7.12,0,24066
2026-09-09T09:26:30,33,7.31,0,24066
2026-09-09T09:26:40,33,7.11,0,24066
2026-09-09T09:26:50,33,7.12,0,24066
2026-09-09T09:27:00,33,7.11,0,24066
2026-09-09T09:27:10,33,7.36,0,24066
2026-09-09T09:27:20,33,7.13,0,24066
2026-09-09T09:27:30,33,7.13,0,24066
2026-09-09T09:27:40,33,7.13,0,24066
2026-09-09T09:27:50,33,7.12,0,24066
2026-09-09T09:28:00,33,7.3,0,24066
2026-09-09T09:28:10,33,7.03,0,24066
2026-09-09T09:28:20,33,7.27,0,24066
2026-09-09T09:28:30,33,7.09,0,24066
2026-09-09T09:28:41,33,7.03,0,24066
2026-09-09T09:28:51,33,7.35,0,24066
2026-09-09T09:29:01,33,7.26,0,24066
2026-09-09T09:29:11,33,7.26,0,24066
2026-09-09T09:29:21,33,7.11,0,24066
2026-09-09T09:29:31,33,7.29,0,24066
2026-09-09T09:29:41,33,7.06,0,24066
2026-09-09T09:29:51,33,7.24,0,24066
2026-09-09T09:30:01,33,7.27,0,24066
2026-09-09T09:30:11,33,7.3,0,24066
2026-09-09T09:30:21,33,7.3,0,24066
2026-09-09T09:30:31,33,7.32,0,24066
2026-09-09T09:30:41,33,7.35,0,24066
2026-09-09T09:30:51,33,7.09,0,24066
2026-09-09T09:31:01,33,7.1,0,24066
2026-09-09T09:31:11,33,7.3,0,24066
2026-09-09T09:31:22,33,7.06,0,24066
2026-09-09T09:31:32,33,7.28,0,24066
2026-09-09T09:31:42,33,7.06,0,24066
2026-09-09T09:31:52,33,7.31,0,24066
2026-09-09T09:32:02,33,7.07,0,24066
2026-09-09T09:32:12,33,7.1,0,24066
2026-09-09T09:32:22,33,7.1,0,24066
2026-09-09T09:32:32,33,7.06,0,24066
2026-09-09T09:32:42,33,7.07,0,24066
2026-09-09T09:32:52,33,7.32,0,24066
2026-09-09T09:33:02,33,7.08,0,24066
2026-09-09T09:33:12,33,7.27,0,24066
2026-09-09T09:33:22,33,7.03,0,24066
2026-09-09T09:33:32,33,7.07,0,24066
2026-09-09T09:33:42,32,7.26,0,24066
2026-09-09T09:33:52,32,7.03,0,24066
2026-09-09T09:34:03,32,7.03,0,24066
2026-09-09T09:34:13,33,6.99,0,24066
2026-09-09T09:34:23,33,7.01,0,24066
2026-09-09T09:34:33,33,7.02,0,24066
2026-09-09T09:34:43,33,7.24,0,24066
2026-09-09T09:34:53,32,6.84,0,24066
2026-09-09T09:35:03,32,7.22,0,24066
2026-09-09T09:35:13,33,7.05,0,24066
2026-09-09T09:35:23,32,7.05,0,24066
2026-09-09T09:35:33,32,7.29,0,24066
2026-09-09T09:35:43,32,7.08,0,24066
2026-09-09T09:35:53,32,7.27,0,24066
2026-09-09T09:36:03,33,7.03,0,24066
2026-09-09T09:36:13,32,7,0,24066
2026-09-09T09:36:23,32,7.02,0,24066
2026-09-09T09:36:34,32,7.06,0,24066
2026-09-09T09:36:44,32,7.02,0,24066
2026-09-09T09:36:54,33,7.1,0,24066
2026-09-09T09:37:04,32,7.02,0,24066
2026-09-09T09:37:14,32,7,0,24066
2026-09-09T09:37:24,32,7.22,0,24066
2026-09-09T09:37:34,32,6.99,0,24066
2026-09-09T09:37:44,32,7.19,0,24066
2026-09-09T09:37:54,32,7.01,0,24066
2026-09-09T09:38:04,32,6.97,0,24066
2026-09-09T09:38:14,32,6.96,0,24066
2026-09-09T09:38:24,32,6.96,0,24066
2026-09-09T09:38:34,32,7.19,0,24066
2026-09-09T09:38:44,32,7.03,0,24066
2026-09-09T09:38:54,32,7.04,0,24066
2026-09-09T09:39:04,32,7.21,0,24066
2026-09-09T09:39:14,32,7,0,24066
2026-09-09T09:39:25,32,7.22,0,24066
2026-09-09T09:39:35,32,7.03,0,24066
2026-09-09T09:39:45,33,6.97,0,24066
2026-09-09T09:39:55,32,7.22,0,24066
2026-09-09T09:40:05,32,6.99,0,24066
2026-09-09T09:40:15,32,7.01,0,24066
2026-09-09T09:40:25,32,7.03,0,24066
2026-09-09T09:40:35,32,7.03,0,24066
2026-09-09T09:40:45,32,7.28,0,24066
2026-09-09T09:40:55,32,7.02,0,24066
2026-09-09T09:41:05,32,7.32,0,24066
2026-09-09T09:41:15,32,7.25,0,24066
2026-09-09T09:41:25,33,7.07,0,24066
2026-09-09T09:41:35,32,7.24,0,24066
2026-09-09T09:41:45,32,7.06,0,24066
2026-09-09T09:41:56,32,7.04,0,24066
2026-09-09T09:42:06,32,7.02,0,24066
2026-09-09T09:42:16,32,7.05,0,24066
2026-09-09T09:42:26,32,7.05,0,24066
2026-09-09T09:42:36,32,7.26,0,24066
2026-09-09T09:42:46,32,7.2,0,24066
2026-09-09T09:42:56,32,7.04,0,24066
2026-09-09T09:43:06,32,7.07,0,24066
2026-09-09T09:43:16,32,7.02,0,24066
2026-09-09T09:43:26,32,7.05,0,24066
2026-09-09T09:43:36,32,7.24,0,24066
2026-09-09T09:43:46,32,6.99,0,24066
2026-09-09T09:43:56,32,7.26,0,24066
2026-09-09T09:44:06,32,7.08,0,24066
2026-09-09T09:44:16,32,7.07,0,24066
2026-09-09T09:44:26,32,7.27,0,24066
2026-09-09T09:44:37,32,7.03,0,24066
2026-09-09T09:44:47,32,7.28,0,24066
2026-09-09T09:44:57,32,7.02,0,24066
2026-09-09T09:45:07,32,6.99,0,24066
2026-09-09T09:45:17,32,7.03,0,24066
2026-09-09T09:45:27,32,7.03,0,24066
2026-09-09T09:45:37,32,7.04,0,24066
2026-09-09T09:45:47,32,7.04,0,24066
2026-09-09T09:45:57,32,7.28,0,24066
2026-09-09T09:46:07,32,7.27,0,24066
2026-09-09T09:46:17,32,7.2,0,24066
2026-09-09T09:46:27,32,7.3,0,24066
2026-09-09T09:46:37,32,7.24,0,24066
2026-09-09T09:46:47,32,7.01,0,24066
2026-09-09T09:46:57,32,7.23,0,24066
2026-09-09T09:47:07,32,7.23,0,24066
2026-09-09T09:47:17,32,7.2,0,24066
2026-09-09T09:47:28,32,7.01,0,24066
2026-09-09T09:47:38,32,6.98,0,24066
2026-09-09T09:47:48,32,7.22,0,24066
2026-09-09T09:47:58,32,6.97,0,24066
2026-09-09T09:48:08,32,7.22,0,24066
2026-09-09T09:48:18,32,7.25,0,24066
2026-09-09T09:48:28,32,7.26,0,24066
2026-09-09T09:48:38,32,7.01,0,24066
2026-09-09T09:48:48,32,7,0,24066
2026-09-09T09:48:58,32,7.03,0,24066
2026-09-09T09:49:08,32,6.99,0,24066
2026-09-09T09:49:18,32,7.25,0,24066
2026-09-09T09:49:28,32,7.2,0,24066
2026-09-09T09:49:38,32,7.03,0,24066
2026-09-09T09:49:48,32,7.07,0,24066
2026-09-09T09:49:59,32,7.22,0,24066
2026-09-09T09:50:09,32,7.26,0,24066
2026-09-09T09:50:19,32,7.05,0,24066
2026-09-09T09:50:29,32,7.23,0,24066
2026-09-09T09:50:39,32,7.26,0,24066
2026-09-09T09:50:49,32,7.04,0,24066
2026-09-09T09:50:59,32,7.05,0,24066
2026-09-09T09:51:09,32,7.25,0,24066
2026-09-09T09:51:19,32,7.04,0,24066
2026-09-09T09:51:29,32,7.01,0,24066
2026-09-09T09:51:39,32,7.27,0,24066
2026-09-09T09:51:49,32,7.23,0,24066
2026-09-09T09:51:59,32,7.24,0,24066
2026-09-09T09:52:09,32,7.22,0,24066
2026-09-09T09:52:19,32,6.97,0,24066
2026-09-09T09:52:29,32,6.97,0,24066
2026-09-09T09:52:39,32,7.22,0,24066
2026-09-09T09:52:50,32,7.25,0,24066
2026-09-09T09:53:00,32,7.28,0,24066
2026-09-09T09:53:10,32,7.27,0,24066
2026-09-09T09:53:20,32,7.07,0,24066
2026-09-09T09:53:30,32,7.28,0,24066
2026-09-09T09:53:40,32,7.3,0,24066
2026-09-09T09:53:50,32,7.27,0,24066
2026-09-09T09:54:00,32,7.02,0,24066
2026-09-09T09:54:10,32,7.26,0,24066
2026-09-09T09:54:20,32,7.25,0,24066
2026-09-09T09:54:30,32,7.02,0,24066
2026-09-09T09:54:40,32,7.28,0,24066
2026-09-09T09:54:50,32,7.27,0,24066
2026-09-09T09:55:00,32,7.28,0,24066
2026-09-09T09:55:10,32,7.06,0,24066
2026-09-09T09:55:20,32,7.26,0,24066
2026-09-09T09:55:30,32,7.03,0,24066
2026-09-09T09:55:41,32,7,0,24066
2026-09-09T09:55:51,32,7.25,0,24066
2026-09-09T09:56:01,32,7.21,0,24066
2026-09-09T09:56:11,32,7.24,0,24066
2026-09-09T09:56:21,32,7.25,0,24066
2026-09-09T09:56:31,32,6.99,0,24066
2026-09-09T09:56:41,32,7.28,0,24066
2026-09-09T09:56:51,32,6.99,0,24066
2026-09-09T09:57:01,32,7.2,0,24066
2026-09-09T09:57:11,32,7.25,0,24066
2026-09-09T09:57:21,32,7.2,0,24066
2026-09-09T09:57:31,32,7.02,0,24066
2026-09-09T09:57:41,32,7.02,0,24066
2026-09-09T09:57:51,32,7.23,0,24066
2026-09-09T09:58:01,32,7.01,0,24066
2026-09-09T09:58:11,32,7.27,0,24066
2026-09-09T09:58:22,32,7.01,0,24066
2026-09-09T09:58:32,32,7.05,0,24066
2026-09-09T09:58:42,32,7,0,24066
2026-09-09T09:58:52,32,7.25,0,24066
2026-09-09T09:59:02,32,7.24,0,24066
2026-09-09T09:59:12,32,6.99,0,24066
2026-09-09T09:59:22,32,7.22,0,24066
2026-09-09T09:59:32,32,7.28,0,24066
2026-09-09T09:59:42,32,7.24,0,24066
2026-09-09T09:59:52,32,7.28,0,24066
2026-09-09T10:00:02,32,7.28,0,24066
2026-09-09T10:00:12,32,7.28,0,24066
2026-09-09T10:00:22,32,7.02,0,24066
2026-09-09T10:00:32,32,7.03,0,24066
2026-09-09T10:00:42,32,7.27,0,24066
2026-09-09T10:00:52,32,7.22,0,24066
2026-09-09T10:01:03,32,7.2,0,24066
2026-09-09T10:01:13,32,7.17,0,24066
2026-09-09T10:01:23,32,7.23,0,24066
2026-09-09T10:01:33,32,7.2,0,24066
2026-09-09T10:01:43,32,7.22,0,24066
2026-09-09T10:01:53,32,7.22,0,24066
2026-09-09T10:02:03,32,7.22,0,24066
2026-09-09T10:02:13,32,7.31,0,24066
2026-09-09T10:02:23,32,7.24,0,24066
2026-09-09T10:02:33,32,6.98,0,24066
2026-09-09T10:02:43,32,7.25,0,24066
2026-09-09T10:02:53,32,6.99,0,24066
2026-09-09T10:03:03,32,7.25,0,24066
2026-09-09T10:03:13,32,7.05,0,24066
2026-09-09T10:03:23,32,7.3,0,24066
2026-09-09T10:03:33,32,7.03,0,24066
2026-09-09T10:03:44,32,7,0,24066
2026-09-09T10:03:54,32,7.22,0,24066
2026-09-09T10:04:04,32,6.97,0,24066
2026-09-09T10:04:14,32,7.2,0,24066
2026-09-09T10:04:24,32,6.96,0,24066
2026-09-09T10:04:34,32,6.96,0,24066
2026-09-09T10:04:44,32,7.02,0,24066
2026-09-09T10:04:54,32,7.02,0,24066
2026-09-09T10:05:04,32,7.23,0,24066
2026-09-09T10:05:14,32,6.99,0,24066
2026-09-09T10:05:24,32,7.21,0,24066
2026-09-09T10:05:34,32,7.01,0,24066
2026-09-09T10:05:44,32,7.2,0,24066
2026-09-09T10:05:54,32,7.27,0,24066
2026-09-09T10:06:04,32,7.21,0,24066
2026-09-09T10:06:14,32,7.21,0,24066
2026-09-09T10:06:25,32,7.01,0,24066
2026-09-09T10:06:35,32,7.23,0,24066
2026-09-09T10:06:45,32,7.21,0,24066
2026-09-09T10:06:55,32,7.22,0,24066
2026-09-09T10:07:05,32,7.26,0,24066
2026-09-09T10:07:15,32,7.21,0,24066
2026-09-09T10:07:25,32,7.26,0,24066
2026-09-09T10:07:35,32,7.01,0,24066
2026-09-09T10:07:45,32,7.22,0,24066
2026-09-09T10:07:55,32,7.02,0,24066
2026-09-09T10:08:05,32,7.05,0,24066
2026-09-09T10:08:15,32,7.21,0,24066
2026-09-09T10:08:25,32,7.01,0,24066
2026-09-09T10:08:35,32,7.03,0,24066
2026-09-09T10:08:45,32,7.31,0,24066
2026-09-09T10:08:55,32,7.01,0,24066
2026-09-09T10:09:05,32,7.25,0,24066
2026-09-09T10:09:16,32,7.12,0,24066
2026-09-09T10:09:26,32,7.01,0,24066
2026-09-09T10:09:36,32,7.02,0,24066
2026-09-09T10:09:46,32,7.34,0,24066
2026-09-09T10:09:56,32,7.02,0,24066
2026-09-09T10:10:06,32,7.06,0,24066
2026-09-09T10:10:16,32,7.26,0,24066
2026-09-09T10:10:26,32,7.06,0,24066
2026-09-09T10:10:36,32,7.1,0,24066
2026-09-09T10:10:46,32,7.07,0,24066
2026-09-09T10:10:56,32,7.36,0,24066
2026-09-09T10:11:06,32,7.06,0,24066
2026-09-09T10:11:16,32,7.29,0,24066
2026-09-09T10:11:26,32,7.29,0,24066
2026-09-09T10:11:36,32,7.05,0,24066
2026-09-09T10:11:46,32,7.03,0,24066
2026-09-09T10:11:56,32,7.06,0,24066
2026-09-09T10:12:07,32,7.25,0,24066
2026-09-09T10:12:17,32,6.98,0,24066
2026-09-09T10:12:27,32,7.22,0,24066
2026-09-09T10:12:37,32,7.05,0,24066
2026-09-09T10:12:47,32,6.99,0,24066
2026-09-09T10:12:57,32,6.97,0,24066
2026-09-09T10:13:07,33,7.18,0,24066
2026-09-09T10:13:17,32,6.95,0,24066
2026-09-09T10:13:27,32,6.94,0,24066
2026-09-09T10:13:37,33,7.16,0,24066
2026-09-09T10:13:47,33,6.95,0,24066
2026-09-09T10:13:57,32,6.95,0,24066
2026-09-09T10:14:07,33,6.97,0,24066
2026-09-09T10:14:17,33,7.01,0,24066
2026-09-09T10:14:27,33,7.23,0,24066
2026-09-09T10:14:37,33,7.02,0,24066
2026-09-09T10:14:48,33,7.21,0,24066
2026-09-09T10:14:58,33,7,0,24066
2026-09-09T10:15:08,33,6.99,0,24066
2026-09-09T10:15:18,33,7.25,0,24066
2026-09-09T10:15:28,33,6.98,0,24066
2026-09-09T10:15:38,33,7.24,0,24066
2026-09-09T10:15:48,33,7.02,0,24066
2026-09-09T10:15:58,33,7.06,0,24066
2026-09-09T10:16:08,33,7.05,0,24066
2026-09-09T10:16:18,33,7.22,0,24066
2026-09-09T10:16:28,33,7.04,0,24066
2026-09-09T10:16:38,33,7.27,0,24066
2026-09-09T10:16:48,33,7.04,0,24066
2026-09-09T10:16:58,33,7.07,0,24066
2026-09-09T10:17:08,33,7.28,0,24066
2026-09-09T10:17:18,33,7.02,0,24066
2026-09-09T10:17:29,33,7.24,0,24066
2026-09-09T10:17:39,33,7.07,0,24066
2026-09-09T10:17:49,32,6.98,0,24066
2026-09-09T10:17:59,33,6.95,0,24066
2026-09-09T10:18:09,32,6.99,0,24066
2026-09-09T10:18:19,32,7.22,0,24066
2026-09-09T10:18:29,32,7.01,0,24066
2026-09-09T10:18:39,33,7.03,0,24066
2026-09-09T10:18:49,32,7.22,0,24066
2026-09-09T10:18:59,32,6.97,0,24066
2026-09-09T10:19:09,32,6.99,0,24066
2026-09-09T10:19:19,32,6.98,0,24066
2026-09-09T10:19:29,32,6.99,0,24066
2026-09-09T10:19:39,32,7.26,0,24066
2026-09-09T10:19:49,32,7.06,0,24066
2026-09-09T10:19:59,32,7.24,0,24066
2026-09-09T10:20:10,32,6.99,0,24066
2026-09-09T10:20:20,32,6.95,0,24066
2026-09-09T10:20:30,32,7.17,0,24066
2026-09-09T10:20:40,32,6.96,0,24066
2026-09-09T10:20:50,32,7.19,0,24066
2026-09-09T10:21:00,32,6.97,0,24066
2026-09-09T10:21:10,32,7.2,0,24066
2026-09-09T10:21:20,32,6.99,0,24066
2026-09-09T10:21:30,32,6.96,0,24066
2026-09-09T10:21:40,32,7.2,0,24066
2026-09-09T10:21:50,32,6.98,0,24066
2026-09-09T10:22:00,32,7.2,0,24066
2026-09-09T10:22:10,32,6.99,0,24066
2026-09-09T10:22:20,32,6.96,0,24066
2026-09-09T10:22:30,32,7.19,0,24066
2026-09-09T10:22:40,32,6.97,0,24066
2026-09-09T10:22:51,32,7.18,0,24066
2026-09-09T10:23:01,32,7.22,0,24066
2026-09-09T10:23:11,32,7.02,0,24066
2026-09-09T10:23:21,32,7,0,24066
2026-09-09T10:23:31,32,7.24,0,24066
2026-09-09T10:23:41,32,7.01,0,24066
2026-09-09T10:23:51,32,7.25,0,24066
2026-09-09T10:24:01,32,7,0,24066
2026-09-09T10:24:11,32,7.28,0,24066
2026-09-09T10:24:21,32,7.05,0,24066
2026-09-09T10:24:31,32,7.05,0,24066
2026-09-09T10:24:41,32,7.25,0,24066
2026-09-09T10:24:51,32,7.27,0,24066
2026-09-09T10:25:01,32,7.07,0,24066
2026-09-09T10:25:11,32,7.29,0,24066
2026-09-09T10:25:21,32,7.29,0,24066
2026-09-09T10:25:32,32,7.05,0,24066
2026-09-09T10:25:42,33,6.99,0,24066
2026-09-09T10:25:52,32,7.29,0,24066
2026-09-09T10:26:02,32,7.03,0,24066
2026-09-09T10:26:12,32,7.03,0,24066
2026-09-09T10:26:22,32,7.06,0,24066
2026-09-09T10:26:32,33,6.97,0,24066
2026-09-09T10:26:42,33,7.19,0,24066
2026-09-09T10:26:52,33,6.99,0,24066
2026-09-09T10:27:02,33,7.18,0,24066
2026-09-09T10:27:12,33,6.99,0,24066
2026-09-09T10:27:22,33,6.99,0,24066
2026-09-09T10:27:32,33,7.21,0,24066
2026-09-09T10:27:42,33,6.97,0,24066
2026-09-09T10:27:52,33,6.98,0,24066
2026-09-09T10:28:02,47,240.24,89,24066
2026-09-09T10:28:12,48,157.08,100,24066
2026-09-09T10:28:22,59,277.72,94,24066
2026-09-09T10:28:33,77,278.2,88,24066
2026-09-09T10:28:43,90,257.93,89,24066
2026-09-09T10:28:53,90,236.85,92,24066
2026-09-09T10:29:03,88,219.47,90,24066
2026-09-09T10:29:13,88,222.68,94,24066
2026-09-09T10:29:23,81,157.35,0,24066
2026-09-09T10:29:33,88,232.2,96,24066
2026-09-09T10:29:43,87,221.74,96,24066
2026-09-09T10:29:53,87,220.16,94,24066
2026-09-09T10:30:03,87,219.94,93,24066
2026-09-09T10:30:13,87,218.99,96,24066
2026-09-09T10:30:23,86,217.14,92,24066
2026-09-09T10:30:33,86,213.71,91,24066
2026-09-09T10:30:43,86,216.3,96,24066
2026-09-09T10:30:53,86,216.43,99,24066
2026-09-09T10:31:03,85,209.74,96,24066
2026-09-09T10:31:13,86,212.76,96,24066
2026-09-09T10:31:24,85,192.24,100,24066
2026-09-09T10:31:34,86,218.75,98,24066
2026-09-09T10:31:44,86,216.13,97,24066
2026-09-09T10:31:54,86,214.09,100,24066
2026-09-09T10:32:04,88,199.56,100,24066
2026-09-09T10:32:14,86,216.24,97,24066
2026-09-09T10:32:24,54,37.29,0,24066
2026-09-09T10:32:34,44,10.7,0,24066
2026-09-09T10:32:44,41,8.34,0,24066
2026-09-09T10:32:54,40,7.74,0,24066
2026-09-09T10:33:04,39,7.75,0,24066
2026-09-09T10:33:14,58,278.2,90,24066
2026-09-09T10:33:24,47,29.84,0,24066
2026-09-09T10:33:34,43,8.7,0,24066
2026-09-09T10:33:44,41,7.91,0,24066
2026-09-09T10:33:54,40,7.47,0,24066
2026-09-09T10:34:04,39,7.57,0,24066
2026-09-09T10:34:14,46,102.56,0,24066
2026-09-09T10:34:25,57,278.7,93,24066
2026-09-09T10:34:35,64,220.61,100,24066
2026-09-09T10:34:45,87,279.02,94,24066
2026-09-09T10:34:55,89,230.66,95,24066
2026-09-09T10:35:05,88,224.89,96,24066
2026-09-09T10:35:15,82,277.49,91,24066
2026-09-09T10:35:25,87,229.81,96,24066
2026-09-09T10:35:35,87,189.36,100,24066
2026-09-09T10:35:45,64,90.7,0,24066
2026-09-09T10:35:55,45,12.84,0,24066
2026-09-09T10:36:05,73,278.27,92,24066
2026-09-09T10:36:15,87,233.78,97,24066
2026-09-09T10:36:25,87,202.19,99,24066
2026-09-09T10:36:35,80,141.15,99,24066
2026-09-09T10:36:45,81,156.57,0,24066
2026-09-09T10:36:55,87,226,97,24066
2026-09-09T10:37:05,85,211.38,24,24066
2026-09-09T10:37:15,88,204.45,100,24074
2026-09-09T10:37:26,87,225.97,97,24074
2026-09-09T10:37:36,86,212.57,97,24074
2026-09-09T10:37:46,87,221.82,96,24074
2026-09-09T10:37:56,87,220.75,99,24074
2026-09-09T10:38:06,87,224.27,96,24074
2026-09-09T10:38:16,86,213.38,97,24074
2026-09-09T10:38:26,87,226.16,96,24074
2026-09-09T10:38:36,87,226.66,97,24074
2026-09-09T10:38:46,86,204.27,97,24074
2026-09-09T10:38:56,87,218.66,95,24074
2026-09-09T10:39:06,87,221.67,96,24074
2026-09-09T10:39:16,86,214.4,98,24074
2026-09-09T10:39:26,86,216.25,95,24074
2026-09-09T10:39:36,81,164.49,0,24074
2026-09-09T10:39:46,51,16.64,0,24074
2026-09-09T10:39:56,44,9.85,0,24074
2026-09-09T10:40:06,42,8.94,0,24074
2026-09-09T10:40:16,41,7.94,0,24074
2026-09-09T10:40:27,40,7.9,0,24074
2026-09-09T10:40:37,39,7.43,0,24074
2026-09-09T10:40:47,39,7.3,0,24074
2026-09-09T10:40:57,38,7.25,0,24074
2026-09-09T10:41:07,38,7.2,0,24074
2026-09-09T10:41:17,38,7.42,0,24074
2026-09-09T10:41:27,37,7.14,0,24074
2026-09-09T10:41:37,37,7.38,0,24074
2026-09-09T10:41:47,37,7.17,0,24074
2026-09-09T10:41:57,37,7.15,0,24074
2026-09-09T10:42:07,36,7.09,0,24074
2026-09-09T10:42:17,36,7.35,0,24074
2026-09-09T10:42:27,36,7.09,0,24074
2026-09-09T10:42:37,36,7.08,0,24074
2026-09-09T10:42:47,36,7.1,0,24074
2026-09-09T10:42:57,36,7.11,0,24074
2026-09-09T10:43:07,36,7.11,0,24074
2026-09-09T10:43:17,36,7.04,0,24074
2026-09-09T10:43:27,35,7.04,0,24074
2026-09-09T10:43:37,35,7.3,0,24074
2026-09-09T10:43:47,35,6.99,0,24074
2026-09-09T10:43:58,35,7.54,0,24074
2026-09-09T10:44:08,35,7.04,0,24074
2026-09-09T10:44:18,35,7.07,0,24074
2026-09-09T10:44:28,35,7.09,0,24074
2026-09-09T10:44:38,35,7.04,0,24074
2026-09-09T10:44:48,35,7.28,0,24074
2026-09-09T10:44:58,35,7.02,0,24074
2026-09-09T10:45:08,35,7.23,0,24074
2026-09-09T10:45:18,34,7.02,0,24074
2026-09-09T10:45:28,34,7.05,0,24074
2026-09-09T10:45:38,34,7.27,0,24074
2026-09-09T10:45:48,34,7.08,0,24074
2026-09-09T10:45:58,34,7.31,0,24074
2026-09-09T10:46:08,34,7.05,0,24074
2026-09-09T10:46:18,34,7.04,0,24074
2026-09-09T10:46:28,34,7.04,0,24074
2026-09-09T10:46:38,34,7.03,0,24074
2026-09-09T10:46:48,34,7.19,0,24074
2026-09-09T10:46:58,34,7.06,0,24074
2026-09-09T10:47:09,34,7.04,0,24074
2026-09-09T10:47:19,34,7.06,0,24074
2026-09-09T10:47:29,34,7.26,0,24074
2026-09-09T10:47:39,34,7.04,0,24074
2026-09-09T10:47:49,34,7.28,0,24074
2026-09-09T10:47:59,34,7,0,24074
2026-09-09T10:48:09,34,7.03,0,24074
2026-09-09T10:48:19,34,7.09,0,24074
2026-09-09T10:48:29,34,7.06,0,24074
2026-09-09T10:48:39,34,7.22,0,24074
2026-09-09T10:48:49,33,6.81,0,24074
2026-09-09T10:48:59,33,7.01,0,24074
2026-09-09T10:49:09,33,7.01,0,24074
2026-09-09T10:49:19,33,7.3,0,24074
2026-09-09T10:49:29,33,7.03,0,24074
2026-09-09T10:49:39,33,7.27,0,24074
2026-09-09T10:49:49,33,7.07,0,24074
2026-09-09T10:49:59,33,7.03,0,24074
2026-09-09T10:50:09,33,7.05,0,24074
2026-09-09T10:50:19,33,7.03,0,24074
2026-09-09T10:50:30,33,7.27,0,24074
2026-09-09T10:50:40,33,7.04,0,24074
2026-09-09T10:50:50,33,7.28,0,24074
2026-09-09T10:51:00,33,7.03,0,24074
2026-09-09T10:51:10,33,6.99,0,24074
2026-09-09T10:51:20,33,7.18,0,24074
2026-09-09T10:51:30,33,7,0,24074
2026-09-09T10:51:40,33,7.27,0,24074
2026-09-09T10:51:50,33,7.07,0,24074
2026-09-09T10:52:00,33,7.03,0,24074
2026-09-09T10:52:10,33,7.03,0,24074
2026-09-09T10:52:20,33,7.06,0,24074
2026-09-09T10:52:30,33,7.35,0,24074
2026-09-09T10:52:40,33,7.16,0,24074
2026-09-09T10:52:50,33,7.08,0,24074
2026-09-09T10:53:00,33,7.13,0,24074
2026-09-09T10:53:10,33,7.27,0,24074
2026-09-09T10:53:20,33,7,0,24074
2026-09-09T10:53:30,33,7.21,0,24074
2026-09-09T10:53:40,33,6.99,0,24074
2026-09-09T10:53:51,33,6.99,0,24074
2026-09-09T10:54:01,33,6.97,0,24074
2026-09-09T10:54:11,33,6.99,0,24074
2026-09-09T10:54:21,33,7.25,0,24074
2026-09-09T10:54:31,33,6.78,0,24074
2026-09-09T10:54:41,33,7.25,0,24074
2026-09-09T10:54:51,33,7.02,0,24074
2026-09-09T10:55:01,33,7.01,0,24074
2026-09-09T10:55:11,33,7.02,0,24074
2026-09-09T10:55:21,33,7.01,0,24074
2026-09-09T10:55:31,33,7.26,0,24074
2026-09-09T10:55:41,33,7.04,0,24074
2026-09-09T10:55:51,33,7.21,0,24074
2026-09-09T10:56:01,33,7.02,0,24074
2026-09-09T10:56:11,33,7.27,0,24074
2026-09-09T10:56:21,33,7.02,0,24074
2026-09-09T10:56:31,33,7.24,0,24074
2026-09-09T10:56:41,33,7.07,0,24074
2026-09-09T10:56:51,33,7.08,0,24074
2026-09-09T10:57:01,33,7.29,0,24074
2026-09-09T10:57:12,33,7.05,0,24074
2026-09-09T10:57:22,33,7.25,0,24074
2026-09-09T10:57:32,33,6.78,0,24074
2026-09-09T10:57:42,33,7.21,0,24074
2026-09-09T10:57:52,33,7.03,0,24074
2026-09-09T10:58:02,33,7.06,0,24074
2026-09-09T10:58:12,33,7.26,0,24074
2026-09-09T10:58:22,33,7.1,0,24074
2026-09-09T10:58:32,33,7.28,0,24074
2026-09-09T10:58:42,33,7.07,0,24074
2026-09-09T10:58:52,33,7.01,0,24074
2026-09-09T10:59:02,33,7.04,0,24074
2026-09-09T10:59:12,33,7.27,0,24074
2026-09-09T10:59:22,33,7.03,0,24074
2026-09-09T10:59:32,33,7.03,0,24074
2026-09-09T10:59:42,32,7.05,0,24074
2026-09-09T10:59:52,33,7.08,0,24074
2026-09-09T11:00:02,32,7.2,0,24074
2026-09-09T11:00:12,32,6.97,0,24074
2026-09-09T11:00:22,33,7.28,0,24074
2026-09-09T11:00:33,33,7.05,0,24074
2026-09-09T11:00:43,32,6.99,0,24074
2026-09-09T11:00:53,32,7.02,0,24074
2026-09-09T11:01:03,32,7.01,0,24074
2026-09-09T11:01:13,32,7.24,0,24074
2026-09-09T11:01:23,32,7.03,0,24074
2026-09-09T11:01:33,32,7.24,0,24074
2026-09-09T11:01:43,32,7.03,0,24074
2026-09-09T11:01:53,32,7.22,0,24074
2026-09-09T11:02:03,32,6.99,0,24074
2026-09-09T11:02:13,32,7.2,0,24074
2026-09-09T11:02:23,32,7,0,24074
2026-09-09T11:02:33,32,7,0,24074
2026-09-09T11:02:43,33,7,0,24074
2026-09-09T11:02:53,32,7.26,0,24074
2026-09-09T11:03:03,32,7,0,24074
2026-09-09T11:03:13,32,6.97,0,24074
2026-09-09T11:03:23,32,7.01,0,24074
2026-09-09T11:03:33,32,7,0,24074
2026-09-09T11:03:44,32,7.23,0,24074
2026-09-09T11:03:54,32,6.98,0,24074
2026-09-09T11:04:04,32,7.24,0,24074
2026-09-09T11:04:14,32,6.99,0,24074
2026-09-09T11:04:24,32,7.24,0,24074
2026-09-09T11:04:34,32,7.21,0,24074
2026-09-09T11:04:44,32,7.04,0,24074
2026-09-09T11:04:54,32,7.01,0,24074
2026-09-09T11:05:04,32,7,0,24074
2026-09-09T11:05:14,32,6.98,0,24074
2026-09-09T11:05:24,32,6.93,0,24074
2026-09-09T11:05:34,32,7.02,0,24074
2026-09-09T11:05:44,32,7.02,0,24074
2026-09-09T11:05:54,32,6.98,0,24074
2026-09-09T11:06:04,32,7.21,0,24074
2026-09-09T11:06:14,32,7.03,0,24074
2026-09-09T11:06:24,32,7.24,0,24074
2026-09-09T11:06:34,32,7.06,0,24074
2026-09-09T11:06:44,32,6.98,0,24074
2026-09-09T11:06:55,32,7.02,0,24074
2026-09-09T11:07:05,32,7.04,0,24074
2026-09-09T11:07:15,32,7.27,0,24074
2026-09-09T11:07:25,32,7.04,0,24074
2026-09-09T11:07:35,32,7.26,0,24074
2026-09-09T11:07:45,32,7.03,0,24074
2026-09-09T11:07:55,32,7.02,0,24074
2026-09-09T11:08:05,32,7.15,0,24074
2026-09-09T11:08:15,32,7.01,0,24074
2026-09-09T11:08:25,32,7.21,0,24074
2026-09-09T11:08:35,32,6.99,0,24074
2026-09-09T11:08:45,32,7.02,0,24074
2026-09-09T11:08:55,32,7.03,0,24074
2026-09-09T11:09:05,32,7.23,0,24074
2026-09-09T11:09:15,32,7.02,0,24074
2026-09-09T11:09:25,32,7.22,0,24074
2026-09-09T11:09:35,32,6.99,0,24074
2026-09-09T11:09:45,32,6.99,0,24074
2026-09-09T11:09:55,32,7.27,0,24074
2026-09-09T11:10:05,32,7.01,0,24074
2026-09-09T11:10:15,32,7.24,0,24074
2026-09-09T11:10:26,32,7.02,0,24074
2026-09-09T11:10:36,32,7,0,24074
2026-09-09T11:10:46,32,7.04,0,24074
2026-09-09T11:10:56,32,7.01,0,24074
2026-09-09T11:11:06,32,7.23,0,24074
2026-09-09T11:11:16,32,7.04,0,24074
2026-09-09T11:11:26,32,7.06,0,24074
2026-09-09T11:11:36,32,7.05,0,24074
2026-09-09T11:11:46,32,7.24,0,24074
2026-09-09T11:11:56,32,6.98,0,24074
2026-09-09T11:12:06,32,7.24,0,24074
2026-09-09T11:12:16,32,7.29,0,24074
2026-09-09T11:12:26,32,7.3,0,24074
2026-09-09T11:12:36,32,7.32,0,24074
2026-09-09T11:12:46,32,6.88,0,24074
2026-09-09T11:12:56,32,7.04,0,24074
2026-09-09T11:13:06,32,7.28,0,24074
2026-09-09T11:13:16,32,7.09,0,24074
2026-09-09T11:13:26,32,7.1,0,24074
2026-09-09T11:13:36,32,7.32,0,24074
2026-09-09T11:13:47,32,7.29,0,24074
2026-09-09T11:13:57,32,7.05,0,24074
2026-09-09T11:14:07,32,7.07,0,24074
2026-09-09T11:14:17,32,7.26,0,24074
2026-09-09T11:14:27,32,7.05,0,24074
2026-09-09T11:14:37,32,7.05,0,24074
2026-09-09T11:14:47,32,7.03,0,24074
2026-09-09T11:14:57,32,7,0,24074
2026-09-09T11:15:07,32,7.08,0,24074
2026-09-09T11:15:17,32,7.26,0,24074
2026-09-09T11:15:27,32,7,0,24074
2026-09-09T11:15:37,32,7.25,0,24074
2026-09-09T11:15:47,32,7.06,0,24074
2026-09-09T11:15:57,32,7.07,0,24074
2026-09-09T11:16:07,32,7.28,0,24074
2026-09-09T11:16:17,32,7,0,24074
2026-09-09T11:16:27,32,7.27,0,24074
2026-09-09T11:16:37,32,7.03,0,24074
2026-09-09T11:16:47,32,7.03,0,24074
2026-09-09T11:16:58,32,7.06,0,24074
2026-09-09T11:17:08,32,7.1,0,24074
2026-09-09T11:17:18,32,7.23,0,24074
2026-09-09T11:17:28,32,7.01,0,24074
2026-09-09T11:17:38,32,7.31,0,24074
2026-09-09T11:17:48,32,7.06,0,24074
2026-09-09T11:17:58,32,7.06,0,24074
2026-09-09T11:18:08,32,7.08,0,24074
2026-09-09T11:18:18,32,7.11,0,24074
2026-09-09T11:18:28,32,7.03,0,24074
2026-09-09T11:18:38,32,7.05,0,24074
2026-09-09T11:18:48,32,7.05,0,24074
2026-09-09T11:18:58,32,7.05,0,24074
2026-09-09T11:19:08,32,7.28,0,24074
2026-09-09T11:19:18,32,7.04,0,24074
2026-09-09T11:19:28,32,7.29,0,24074
2026-09-09T11:19:38,32,7.09,0,24074
2026-09-09T11:19:48,32,7.07,0,24074
2026-09-09T11:19:58,32,7.08,0,24074
2026-09-09T11:20:08,32,7.05,0,24074
2026-09-09T11:20:19,32,7.13,0,24074
2026-09-09T11:20:29,32,7.02,0,24074
2026-09-09T11:20:39,32,7.03,0,24074
2026-09-09T11:20:49,32,7.02,0,24074
2026-09-09T11:20:59,32,7.21,0,24074
2026-09-09T11:21:09,32,6.97,0,24074
2026-09-09T11:21:19,32,7.22,0,24074
2026-09-09T11:21:29,32,7,0,24074
2026-09-09T11:21:39,32,7.04,0,24074
2026-09-09T11:21:49,32,7.05,0,24074
2026-09-09T11:21:59,32,7.11,0,24074
2026-09-09T11:22:09,32,7.36,0,24074
2026-09-09T11:22:19,32,7.07,0,24074
2026-09-09T11:22:29,32,7.23,0,24074
2026-09-09T11:22:39,32,7.05,0,24074
2026-09-09T11:22:49,32,7.06,0,24074
2026-09-09T11:22:59,32,7.29,0,24074
2026-09-09T11:23:09,32,7.1,0,24074
2026-09-09T11:23:19,32,7.33,0,24074
2026-09-09T11:23:29,32,7.12,0,24074
2026-09-09T11:23:40,32,7.05,0,24074
2026-09-09T11:23:50,32,7.09,0,24074
2026-09-09T11:24:00,32,7.29,0,24074
2026-09-09T11:24:10,32,7.01,0,24074
2026-09-09T11:24:20,32,6.99,0,24074
2026-09-09T11:24:30,32,7.04,0,24074
2026-09-09T11:24:40,32,7.29,0,24074
2026-09-09T11:24:50,32,7.01,0,24074
2026-09-09T11:25:00,32,7.28,0,24074
2026-09-09T11:25:10,32,7.06,0,24074
2026-09-09T11:25:20,32,7.31,0,24074
2026-09-09T11:25:30,32,7.3,0,24074
2026-09-09T11:25:40,32,7.07,0,24074
2026-09-09T11:25:50,32,7.3,0,24074
2026-09-09T11:26:00,32,7.07,0,24074
2026-09-09T11:26:10,32,7.12,0,24074
2026-09-09T11:26:20,32,7.1,0,24074
2026-09-09T11:26:30,32,7.12,0,24074
2026-09-09T11:26:40,32,7.3,0,24074
2026-09-09T11:26:50,32,7.06,0,24074
2026-09-09T11:27:01,32,7.33,0,24074
2026-09-09T11:27:11,32,7.05,0,24074
2026-09-09T11:27:21,32,7.1,0,24074
2026-09-09T11:27:31,32,7.09,0,24074
2026-09-09T11:27:41,32,7.08,0,24074
2026-09-09T11:27:51,32,7.02,0,24074
2026-09-09T11:28:01,32,7.34,0,24074
2026-09-09T11:28:11,32,7.11,0,24074
2026-09-09T11:28:21,32,7.06,0,24074
2026-09-09T11:28:31,32,7.28,0,24074
2026-09-09T11:28:41,32,7.14,0,24074
2026-09-09T11:28:51,32,7.34,0,24074
2026-09-09T11:29:01,32,7.42,0,24074
2026-09-09T11:29:11,32,7.33,0,24074
2026-09-09T11:29:21,32,7.26,0,24074
2026-09-09T11:29:31,32,7.07,0,24074
2026-09-09T11:29:41,32,7.33,0,24074
2026-09-09T11:29:51,32,7.3,0,24074
2026-09-09T11:30:01,32,7.05,0,24074
2026-09-09T11:30:11,32,7.11,0,24074
2026-09-09T11:30:22,32,7.38,0,24074
2026-09-09T11:30:32,32,7.35,0,24074
2026-09-09T11:30:42,32,7.32,0,24074
2026-09-09T11:30:52,32,7.29,0,24074
2026-09-09T11:31:02,32,7.22,0,24074
2026-09-09T11:31:12,32,7.32,0,24074
2026-09-09T11:31:22,32,7.05,0,24074
2026-09-09T11:31:32,32,7.28,0,24074
2026-09-09T11:31:42,32,7.08,0,24074
2026-09-09T11:31:52,32,7.09,0,24074
2026-09-09T11:32:02,32,7.06,0,24074
2026-09-09T11:32:12,32,7.3,0,24074
2026-09-09T11:32:22,32,7.06,0,24074
2026-09-09T11:32:32,32,7.3,0,24074
2026-09-09T11:32:42,32,7.09,0,24074
2026-09-09T11:32:52,32,7.04,0,24074
2026-09-09T11:33:02,32,7.05,0,24074
2026-09-09T11:33:12,32,7.28,0,24074
2026-09-09T11:33:22,32,7.06,0,24074
2026-09-09T11:33:33,32,7.05,0,24074
2026-09-09T11:33:43,32,7.28,0,24074
2026-09-09T11:33:53,32,7.06,0,24074
2026-09-09T11:34:03,32,7.31,0,24074
2026-09-09T11:34:13,32,7.12,0,24074
2026-09-09T11:34:23,32,7.14,0,24074
2026-09-09T11:34:33,32,7.34,0,24074
2026-09-09T11:34:43,32,7.08,0,24074
2026-09-09T11:34:53,32,7.1,0,24074
2026-09-09T11:35:03,32,7.07,0,24074
2026-09-09T11:35:13,32,7.14,0,24074
2026-09-09T11:35:23,32,7.33,0,24074
2026-09-09T11:35:33,32,7.11,0,24074
2026-09-09T11:35:43,32,7.3,0,24074
2026-09-09T11:35:53,32,7.08,0,24074
2026-09-09T11:36:03,32,7.13,0,24074
2026-09-09T11:36:13,32,7.06,0,24074
2026-09-09T11:36:23,32,7.27,0,24074
2026-09-09T11:36:33,32,7.06,0,24074
2026-09-09T11:36:43,32,7.03,0,24074
2026-09-09T11:36:54,32,7.21,0,24074
2026-09-09T11:37:04,32,7.32,0,24074
2026-09-09T11:37:14,32,7.09,0,24074
2026-09-09T11:37:24,32,7.04,0,24074
2026-09-09T11:37:34,32,7.01,0,24074
2026-09-09T11:37:44,32,7.07,0,24074
2026-09-09T11:37:54,47,277.48,87,24074
2026-09-09T11:38:04,51,245.67,0,24074
2026-09-09T11:38:14,62,278.5,92,24074
2026-09-09T11:38:24,71,163.09,0,24074
2026-09-09T11:38:34,88,261.98,91,24074
2026-09-09T11:38:44,89,268.88,91,24074
2026-09-09T11:38:54,89,234.54,92,24074
2026-09-09T11:39:04,88,226.75,96,24074
2026-09-09T11:39:14,87,225.69,94,24074
2026-09-09T11:39:24,87,225.5,92,24074
2026-09-09T11:39:34,86,217.54,93,24074
2026-09-09T11:39:44,87,226.47,91,24074
2026-09-09T11:39:55,86,218.52,90,24074
2026-09-09T11:40:05,87,218.71,93,24074
2026-09-09T11:40:15,86,218.26,94,24074
2026-09-09T11:40:25,86,221.3,89,24074
2026-09-09T11:40:35,86,217.61,86,24074
2026-09-09T11:40:45,86,217.35,95,24074
2026-09-09T11:40:55,86,216.69,98,24074
2026-09-09T11:41:05,86,206.42,85,24074
2026-09-09T11:41:15,86,216.72,98,24074
2026-09-09T11:41:25,86,190.24,100,24074
2026-09-09T11:41:35,86,213.26,95,24074
2026-09-09T11:41:45,86,221.1,95,24074
2026-09-09T11:41:55,87,219.43,95,24074
2026-09-09T11:42:05,86,216.37,95,24074
2026-09-09T11:42:15,86,215.53,93,24074
2026-09-09T11:42:25,86,224.34,97,24074
2026-09-09T11:42:36,83,186.16,50,24074
2026-09-09T11:42:46,86,222.37,95,24074
2026-09-09T11:42:56,86,217.48,97,24074
2026-09-09T11:43:06,87,218.86,96,24074
2026-09-09T11:43:16,86,216.58,95,24074
2026-09-09T11:43:26,86,213.86,100,24074
2026-09-09T11:43:36,86,221.77,96,24074
2026-09-09T11:43:46,87,200.52,100,24074
2026-09-09T11:43:56,86,221.77,95,24074
2026-09-09T11:44:06,86,213.35,93,24074
2026-09-09T11:44:16,86,216.06,95,24074
2026-09-09T11:44:26,88,240.52,95,24074
2026-09-09T11:44:36,86,217.2,93,24074
2026-09-09T11:44:46,86,210.62,98,24074
2026-09-09T11:44:56,71,94.36,0,24074
2026-09-09T11:45:06,47,14.5,0,24074
2026-09-09T11:45:16,43,9.53,0,24074
2026-09-09T11:45:27,41,8.29,0,24074
2026-09-09T11:45:37,40,7.92,0,24074
2026-09-09T11:45:47,40,7.8,0,24074
2026-09-09T11:45:57,39,7.49,0,24074
2026-09-09T11:46:07,39,7.67,0,24074
2026-09-09T11:46:17,38,7.37,0,24074
2026-09-09T11:46:27,38,7.45,0,24074
2026-09-09T11:46:37,37,7.15,0,24074
2026-09-09T11:46:47,37,7.18,0,24074
2026-09-09T11:46:57,37,7.13,0,24074
2026-09-09T11:47:07,37,7.1,0,24074
2026-09-09T11:47:17,36,7.31,0,24074
2026-09-09T11:47:27,36,7.08,0,24074
2026-09-09T11:47:37,36,7.34,0,24074
2026-09-09T11:47:47,36,6.85,0,24074
2026-09-09T11:47:57,36,7.31,0,24074
2026-09-09T11:48:07,36,7.37,0,24074
2026-09-09T11:48:17,36,7.22,0,24074
2026-09-09T11:48:27,36,7.03,0,24074
2026-09-09T11:48:37,35,7.34,0,24074
2026-09-09T11:48:48,35,7.11,0,24074
2026-09-09T11:48:58,35,7.18,0,24074
2026-09-09T11:49:08,35,6.82,0,24074
2026-09-09T11:49:18,35,7.06,0,24074
2026-09-09T11:49:28,35,7.24,0,24074
2026-09-09T11:49:38,35,7.06,0,24074
2026-09-09T11:49:48,35,7.32,0,24074
2026-09-09T11:49:58,35,7.11,0,24074
2026-09-09T11:50:08,35,7.3,0,24074
2026-09-09T11:50:18,34,7.08,0,24074
2026-09-09T11:50:28,34,7.33,0,24074
2026-09-09T11:50:38,34,7.05,0,24074
2026-09-09T11:50:48,34,7.06,0,24074
2026-09-09T11:50:58,34,7.03,0,24074
2026-09-09T11:51:08,34,7.06,0,24074
2026-09-09T11:51:18,34,7.28,0,24074
2026-09-09T11:51:28,34,7.07,0,24074
2026-09-09T11:51:38,34,7.27,0,24074
2026-09-09T11:51:48,34,7.04,0,24074
2026-09-09T11:51:58,34,7.25,0,24074
2026-09-09T11:52:09,34,7.03,0,24074
2026-09-09T11:52:19,34,7.22,0,24074
2026-09-09T11:52:29,34,7.24,0,24074
2026-09-09T11:52:39,34,7.03,0,24074
2026-09-09T11:52:49,34,7.23,0,24074
2026-09-09T11:52:59,33,7.04,0,24074
2026-09-09T11:53:09,33,7.04,0,24074
2026-09-09T11:53:19,33,7.25,0,24074
2026-09-09T11:53:29,33,7.24,0,24074
2026-09-09T11:53:39,33,7,0,24074
2026-09-09T11:53:49,33,7.26,0,24074
2026-09-09T11:53:59,33,7.23,0,24074
2026-09-09T11:54:09,33,7.05,0,24074
2026-09-09T11:54:19,33,7.18,0,24074
2026-09-09T11:54:29,33,7.03,0,24074
2026-09-09T11:54:39,33,7.05,0,24074
2026-09-09T11:54:49,33,7.28,0,24074
2026-09-09T11:54:59,33,7.05,0,24074
2026-09-09T11:55:09,33,7.28,0,24074
2026-09-09T11:55:19,33,7.02,0,24074
2026-09-09T11:55:30,33,7.05,0,24074
2026-09-09T11:55:40,33,7.04,0,24074
2026-09-09T11:55:50,33,7.05,0,24074
2026-09-09T11:56:00,33,7.32,0,24074
2026-09-09T11:56:10,33,6.85,0,24074
2026-09-09T11:56:20,33,7.26,0,24074
2026-09-09T11:56:30,33,7.03,0,24074
2026-09-09T11:56:40,33,7.08,0,24074
2026-09-09T11:56:50,33,6.99,0,24074
2026-09-09T11:57:00,33,7.09,0,24074
2026-09-09T11:57:10,33,7.27,0,24074
2026-09-09T11:57:20,33,7.03,0,24074
2026-09-09T11:57:30,33,7.27,0,24074
2026-09-09T11:57:40,33,6.98,0,24074
2026-09-09T11:57:50,33,7.23,0,24074
2026-09-09T11:58:00,33,7.28,0,24074
2026-09-09T11:58:10,33,6.84,0,24074
2026-09-09T11:58:20,33,7.23,0,24074
2026-09-09T11:58:30,33,7.26,0,24074
2026-09-09T11:58:40,33,6.84,0,24074
2026-09-09T11:58:51,33,7.3,0,24074
2026-09-09T11:59:01,33,7.09,0,24074
2026-09-09T11:59:11,33,7.11,0,24074
2026-09-09T11:59:21,33,7.08,0,24074
2026-09-09T11:59:31,33,7.07,0,24074
2026-09-09T11:59:41,33,7.05,0,24074
2026-09-09T11:59:51,33,7.07,0,24074
2026-09-09T12:00:01,33,7.32,0,24074
2026-09-09T12:00:11,33,7.05,0,24074
2026-09-09T12:00:21,33,7.3,0,24074
2026-09-09T12:00:31,33,7.05,0,24074
2026-09-09T12:00:41,33,7.05,0,24074
2026-09-09T12:00:51,33,7.28,0,24074
2026-09-09T12:01:01,33,7.03,0,24074
2026-09-09T12:01:11,33,7.23,0,24074
2026-09-09T12:01:21,33,7.01,0,24074
2026-09-09T12:01:31,33,7.02,0,24074
2026-09-09T12:01:41,32,7.09,0,24074
2026-09-09T12:01:51,33,7.05,0,24074
2026-09-09T12:02:02,32,7.23,0,24074
2026-09-09T12:02:12,32,7.02,0,24074
2026-09-09T12:02:22,33,7.21,0,24074
2026-09-09T12:02:32,32,7.07,0,24074
2026-09-09T12:02:42,33,7.08,0,24074
2026-09-09T12:02:52,32,7.09,0,24074
2026-09-09T12:03:02,33,7.02,0,24074
2026-09-09T12:03:12,32,7.25,0,24074
2026-09-09T12:03:22,32,7.07,0,24074
2026-09-09T12:03:32,32,7.05,0,24074
2026-09-09T12:03:42,32,7.3,0,24074
2026-09-09T12:03:52,32,7.02,0,24074
2026-09-09T12:04:02,32,7.27,0,24074
2026-09-09T12:04:12,32,7.05,0,24074
2026-09-09T12:04:22,32,7.07,0,24074
2026-09-09T12:04:32,32,7.06,0,24074
2026-09-09T12:04:42,32,7,0,24074
2026-09-09T12:04:52,32,7.25,0,24074
2026-09-09T12:05:02,32,7.06,0,24074
2026-09-09T12:05:13,32,7.29,0,24074
2026-09-09T12:05:23,32,6.84,0,24074
2026-09-09T12:05:33,32,7.05,0,24074
2026-09-09T12:05:43,32,7.07,0,24074
2026-09-09T12:05:53,32,7.27,0,24074
2026-09-09T12:06:03,32,7.07,0,24074
2026-09-09T12:06:13,32,7.04,0,24074
2026-09-09T12:06:23,32,6.97,0,24074
2026-09-09T12:06:33,32,7.21,0,24074
2026-09-09T12:06:43,32,7.02,0,24074
2026-09-09T12:06:53,32,7.48,0,24074
2026-09-09T12:07:03,32,7.04,0,24074
2026-09-09T12:07:13,32,7,0,24074
2026-09-09T12:07:23,32,7.04,0,24074
2026-09-09T12:07:33,32,7.26,0,24074
2026-09-09T12:07:43,32,7.03,0,24074
2026-09-09T12:07:53,32,7.25,0,24074
2026-09-09T12:08:03,32,7.03,0,24074
2026-09-09T12:08:13,32,7.03,0,24074
2026-09-09T12:08:23,32,6.78,0,24074
2026-09-09T12:08:33,32,7.03,0,24074
2026-09-09T12:08:44,32,7.27,0,24074
2026-09-09T12:08:54,32,7.04,0,24074
2026-09-09T12:09:04,32,7.06,0,24074
2026-09-09T12:09:14,32,7.03,0,24074
2026-09-09T12:09:24,32,7.27,0,24074
2026-09-09T12:09:34,32,7,0,24074
2026-09-09T12:09:44,32,7.23,0,24074
2026-09-09T12:09:54,32,7.02,0,24074
2026-09-09T12:10:04,32,7.04,0,24074
2026-09-09T12:10:14,32,6.96,0,24074
2026-09-09T12:10:24,32,7.27,0,24074
2026-09-09T12:10:34,32,7.06,0,24074
2026-09-09T12:10:44,32,7.28,0,24074
2026-09-09T12:10:54,32,7.07,0,24074
2026-09-09T12:11:04,32,7.32,0,24074
2026-09-09T12:11:14,32,7.29,0,24074
2026-09-09T12:11:24,32,7.06,0,24074
2026-09-09T12:11:34,32,7.28,0,24074
2026-09-09T12:11:44,32,7.06,0,24074
2026-09-09T12:11:55,32,7.06,0,24074
2026-09-09T12:12:05,32,7.27,0,24074
2026-09-09T12:12:15,32,7.32,0,24074
2026-09-09T12:12:25,32,7.06,0,24074
2026-09-09T12:12:35,32,7.05,0,24074
2026-09-09T12:12:45,32,7.32,0,24074
2026-09-09T12:12:55,32,7.26,0,24074
2026-09-09T12:13:05,32,7.26,0,24074
2026-09-09T12:13:15,32,7.03,0,24074
2026-09-09T12:13:25,32,7.28,0,24074
2026-09-09T12:13:35,32,7.02,0,24074
2026-09-09T12:13:45,32,7.23,0,24074
2026-09-09T12:13:55,32,7.03,0,24074
2026-09-09T12:14:05,32,7.05,0,24074
2026-09-09T12:14:15,32,7.29,0,24074
2026-09-09T12:14:25,32,7.06,0,24074
2026-09-09T12:14:35,32,7.3,0,24074
2026-09-09T12:14:45,32,7.02,0,24074
2026-09-09T12:14:55,32,7.07,0,24074
2026-09-09T12:15:05,32,6.92,0,24074
2026-09-09T12:15:15,32,7.05,0,24074
2026-09-09T12:15:26,32,7.26,0,24074
2026-09-09T12:15:36,32,6.91,0,24074
2026-09-09T12:15:46,32,7.09,0,24074
2026-09-09T12:15:56,32,7.07,0,24074
2026-09-09T12:16:06,32,7.3,0,24074
2026-09-09T12:16:16,32,7.04,0,24074
2026-09-09T12:16:26,32,7.3,0,24074
2026-09-09T12:16:36,32,7.04,0,24074
2026-09-09T12:16:46,32,7.05,0,24074
2026-09-09T12:16:56,32,7.26,0,24074
2026-09-09T12:17:06,32,7.05,0,24074
2026-09-09T12:17:16,32,7.28,0,24074
2026-09-09T12:17:26,32,7.06,0,24074
2026-09-09T12:17:36,32,7.03,0,24074
2026-09-09T12:17:46,32,7.06,0,24074
2026-09-09T12:17:56,32,7.02,0,24074
2026-09-09T12:18:06,32,7.27,0,24074
2026-09-09T12:18:16,32,7.02,0,24074
2026-09-09T12:18:26,32,7.22,0,24074
2026-09-09T12:18:37,32,7.42,0,24074
2026-09-09T12:18:47,32,7.19,0,24074
2026-09-09T12:18:57,32,6.8,0,24074
2026-09-09T12:19:07,32,7.03,0,24074
2026-09-09T12:19:17,32,6.96,0,24074
2026-09-09T12:19:27,32,7.04,0,24074
2026-09-09T12:19:37,32,7.26,0,24074
2026-09-09T12:19:47,32,7.1,0,24074
2026-09-09T12:19:57,32,7.3,0,24074
2026-09-09T12:20:07,32,7.04,0,24074
2026-09-09T12:20:17,32,7.06,0,24074
2026-09-09T12:20:27,32,7.06,0,24074
2026-09-09T12:20:37,32,7.33,0,24074
2026-09-09T12:20:47,32,6.79,0,24074
2026-09-09T12:20:57,32,7.5,0,24074
2026-09-09T12:21:07,32,7.52,0,24074
2026-09-09T12:21:17,32,6.98,0,24074
2026-09-09T12:21:27,32,7.07,0,24074
2026-09-09T12:21:37,32,7.23,0,24074
2026-09-09T12:21:47,32,7.2,0,24074
2026-09-09T12:21:57,32,6.99,0,24074
2026-09-09T12:22:08,32,6.99,0,24074
2026-09-09T12:22:18,32,7.02,0,24074
2026-09-09T12:22:28,32,7.21,0,24074
2026-09-09T12:22:38,32,7.2,0,24074
2026-09-09T12:22:48,32,7.07,0,24074
2026-09-09T12:22:58,32,7.03,0,24074
2026-09-09T12:23:08,32,7.23,0,24074
2026-09-09T12:23:18,32,6.92,0,24074
2026-09-09T12:23:28,32,7.04,0,24074
2026-09-09T12:23:38,32,7.23,0,24074
2026-09-09T12:23:48,32,7.01,0,24074
2026-09-09T12:23:58,32,7.21,0,24074
2026-09-09T12:24:08,32,7.07,0,24074
2026-09-09T12:24:18,32,7.02,0,24074
2026-09-09T12:24:28,32,7,0,24074
2026-09-09T12:24:38,32,7.05,0,24074
2026-09-09T12:24:48,32,7.32,0,24074
2026-09-09T12:24:58,32,6.89,0,24074
2026-09-09T12:25:08,32,7.09,0,24074
2026-09-09T12:25:19,32,7.54,0,24074
2026-09-09T12:25:29,32,7.01,0,24074
2026-09-09T12:25:39,32,7.07,0,24074
2026-09-09T12:25:49,32,7.3,0,24074
2026-09-09T12:25:59,32,7.09,0,24074
2026-09-09T12:26:09,32,7.29,0,24074
2026-09-09T12:26:19,32,7.04,0,24074
2026-09-09T12:26:29,32,7.27,0,24074
2026-09-09T12:26:39,32,7.03,0,24074
2026-09-09T12:26:49,32,7.07,0,24074
2026-09-09T12:26:59,32,7.05,0,24074
2026-09-09T12:27:09,32,7.09,0,24074
2026-09-09T12:27:19,32,7.29,0,24074
2026-09-09T12:27:29,32,7.03,0,24074
2026-09-09T12:27:39,32,7.29,0,24074
2026-09-09T12:27:49,32,7.1,0,24074
2026-09-09T12:27:59,32,7.04,0,24074
2026-09-09T12:28:09,32,7.24,0,24074
2026-09-09T12:28:19,32,7.28,0,24074
2026-09-09T12:28:29,32,7.07,0,24074
2026-09-09T12:28:40,32,7.28,0,24074
2026-09-09T12:28:50,32,7.24,0,24074
2026-09-09T12:29:00,32,6.99,0,24074
2026-09-09T12:29:10,32,7.22,0,24074
2026-09-09T12:29:20,32,7.04,0,24074
2026-09-09T12:29:30,32,7.05,0,24074
2026-09-09T12:29:40,32,7.07,0,24074
2026-09-09T12:29:50,32,7.01,0,24074
2026-09-09T12:30:00,32,7.26,0,24074
2026-09-09T12:30:10,32,7.09,0,24074
2026-09-09T12:30:20,32,7.29,0,24074
2026-09-09T12:30:30,32,6.98,0,24074
2026-09-09T12:30:40,32,6.97,0,24074
2026-09-09T12:30:50,32,7.28,0,24074
2026-09-09T12:31:00,32,7.34,0,24074
2026-09-09T12:31:10,32,7.06,0,24074
2026-09-09T12:31:20,32,7.18,0,24074
2026-09-09T12:31:30,32,7.05,0,24074
2026-09-09T12:31:40,32,7.2,0,24074
2026-09-09T12:31:50,32,7.28,0,24074
2026-09-09T12:32:01,32,7.02,0,24074
2026-09-09T12:32:11,32,7.01,0,24074
2026-09-09T12:32:21,32,6.99,0,24074
2026-09-09T12:32:31,32,7.2,0,24074
2026-09-09T12:32:41,32,7.03,0,24074
2026-09-09T12:32:51,32,6.93,0,24074
2026-09-09T12:33:01,32,7,0,24074
2026-09-09T12:33:11,32,7.21,0,24074
2026-09-09T12:33:21,32,7.02,0,24074
2026-09-09T12:33:31,32,7.21,0,24074
2026-09-09T12:33:41,32,6.92,0,24074
2026-09-09T12:33:51,32,6.96,0,24074
2026-09-09T12:34:01,32,7.17,0,24074
2026-09-09T12:34:11,32,6.74,0,24074
2026-09-09T12:34:21,32,7.02,0,24074
2026-09-09T12:34:31,32,7.25,0,24074
2026-09-09T12:34:41,32,7.01,0,24074
2026-09-09T12:34:51,32,7.24,0,24074
2026-09-09T12:35:01,32,7.04,0,24074
2026-09-09T12:35:12,32,7.07,0,24074
2026-09-09T12:35:22,32,7.54,0,24074
2026-09-09T12:35:32,32,7.33,0,24074
2026-09-09T12:35:42,32,7.06,0,24074
2026-09-09T12:35:52,32,7.22,0,24074
2026-09-09T12:36:02,32,7.05,0,24074
2026-09-09T12:36:12,32,7.28,0,24074
2026-09-09T12:36:22,32,6.86,0,24074
2026-09-09T12:36:32,32,7.09,0,24074
2026-09-09T12:36:42,32,7.5,0,24074
2026-09-09T12:36:52,32,7.27,0,24074
2026-09-09T12:37:02,32,6.84,0,24074
2026-09-09T12:37:12,32,7.08,0,24074
2026-09-09T12:37:22,32,7.33,0,24074
2026-09-09T12:37:32,32,6.96,0,24074
2026-09-09T12:37:42,32,7.21,0,24074
2026-09-09T12:37:52,32,7.15,0,24074
2026-09-09T12:38:02,32,6.81,0,24074
2026-09-09T12:38:12,32,7.01,0,24074
2026-09-09T12:38:22,32,7.23,0,24074
2026-09-09T12:38:32,32,7,0,24074
2026-09-09T12:38:43,32,7.09,0,24074
2026-09-09T12:38:53,32,7.51,0,24074
2026-09-09T12:39:03,32,7.07,0,24074
2026-09-09T12:39:13,32,7.22,0,24074
2026-09-09T12:39:23,32,7.46,0,24074
2026-09-09T12:39:33,32,7.04,0,24074
2026-09-09T12:39:43,32,7.23,0,24074
2026-09-09T12:39:53,32,7.26,0,24074
2026-09-09T12:40:03,32,7.28,0,24074
2026-09-09T12:40:13,32,7.27,0,24074
2026-09-09T12:40:23,32,7.25,0,24074
2026-09-09T12:40:33,32,7.33,0,24074
2026-09-09T12:40:43,32,7.3,0,24074
2026-09-09T12:40:53,32,7.3,0,24074
2026-09-09T12:41:03,32,7.29,0,24074
2026-09-09T12:41:13,32,7.21,0,24074
2026-09-09T12:41:23,32,7.22,0,24074
2026-09-09T12:41:33,32,7.25,0,24074
2026-09-09T12:41:43,32,7.29,0,24074
2026-09-09T12:41:53,32,7.55,0,24074
2026-09-09T12:42:04,32,7.46,0,24074
2026-09-09T12:42:14,32,6.98,0,24074
2026-09-09T12:42:24,32,7.08,0,24074
2026-09-09T12:42:34,32,7.3,0,24074
2026-09-09T12:42:44,32,7.3,0,24074
2026-09-09T12:42:54,32,7.04,0,24074
2026-09-09T12:43:04,32,7.24,0,24074
2026-09-09T12:43:14,32,7.06,0,24074
2026-09-09T12:43:24,32,7,0,24074
2026-09-09T12:43:34,32,7.75,0,24074
2026-09-09T12:43:44,32,7.5,0,24074
2026-09-09T12:43:54,32,7.03,0,24074
2026-09-09T12:44:04,32,7.73,0,24074
2026-09-09T12:44:14,32,7.26,0,24074
2026-09-09T12:44:24,32,7.49,0,24074
2026-09-09T12:44:34,32,7.25,0,24074
2026-09-09T12:44:44,32,7,0,24074
2026-09-09T12:44:54,32,7.01,0,24074
2026-09-09T12:45:04,32,7.24,0,24074
2026-09-09T12:45:14,32,7.16,0,24074
2026-09-09T12:45:25,32,7.03,0,24074
2026-09-09T12:45:35,32,7.05,0,24074
2026-09-09T12:45:45,32,7.26,0,24074
2026-09-09T12:45:55,32,6.91,0,24074
2026-09-09T12:46:05,32,7,0,24074
2026-09-09T12:46:15,32,7.23,0,24074
2026-09-09T12:46:25,32,7.01,0,24074
2026-09-09T12:46:35,32,7.12,0,24074
2026-09-09T12:46:45,32,6.99,0,24074
2026-09-09T12:46:55,32,7.01,0,24074
2026-09-09T12:47:05,32,7.06,0,24074
2026-09-09T12:47:15,32,7.25,0,24074
2026-09-09T12:47:25,32,7.04,0,24074
2026-09-09T12:47:35,32,7.09,0,24074
2026-09-09T12:47:45,32,7.23,0,24074
2026-09-09T12:47:55,32,7.04,0,24074
2026-09-09T12:48:05,32,7.3,0,24074
2026-09-09T12:48:15,32,7.06,0,24074
2026-09-09T12:48:25,32,7.04,0,24074
2026-09-09T12:48:36,32,7.26,0,24074
2026-09-09T12:48:46,32,7.17,0,24074
2026-09-09T12:48:56,32,6.98,0,24074
2026-09-09T12:49:06,32,7.22,0,24074
2026-09-09T12:49:16,32,6.98,0,24074
2026-09-09T12:49:26,32,7.05,0,24074
2026-09-09T12:49:36,32,6.96,0,24074
2026-09-09T12:49:46,32,7.03,0,24074
2026-09-09T12:49:56,32,6.99,0,24074
2026-09-09T12:50:06,32,7.01,0,24074
2026-09-09T12:50:16,32,7.23,0,24074
2026-09-09T12:50:26,32,7.19,0,24074
2026-09-09T12:50:36,32,7.01,0,24074
2026-09-09T12:50:46,32,7.05,0,24074
2026-09-09T12:50:56,32,7.06,0,24074
2026-09-09T12:51:06,32,7.31,0,24074
2026-09-09T12:51:16,32,7.04,0,24074
2026-09-09T12:51:26,32,7.08,0,24074
2026-09-09T12:51:36,32,7.07,0,24074
2026-09-09T12:51:46,32,7.28,0,24074
2026-09-09T12:51:57,32,7.06,0,24074
2026-09-09T12:52:07,32,6.81,0,24074
2026-09-09T12:52:17,32,7.23,0,24074
2026-09-09T12:52:27,32,7.07,0,24074
2026-09-09T12:52:37,32,7.26,0,24074
2026-09-09T12:52:47,32,7.28,0,24074
2026-09-09T12:52:57,32,7.22,0,24074
2026-09-09T12:53:07,32,7.06,0,24074
2026-09-09T12:53:17,32,7.04,0,24074
2026-09-09T12:53:27,32,7.01,0,24074
2026-09-09T12:53:37,32,7.26,0,24074
2026-09-09T12:53:47,32,7.05,0,24074
2026-09-09T12:53:57,32,7.24,0,24074
2026-09-09T12:54:07,32,7.05,0,24074
2026-09-09T12:54:17,32,7.1,0,24074
2026-09-09T12:54:27,32,7.24,0,24074
2026-09-09T12:54:37,32,7.27,0,24074
2026-09-09T12:54:47,32,7.07,0,24074
2026-09-09T12:54:57,32,7.06,0,24074
2026-09-09T12:55:07,32,7.32,0,24074
2026-09-09T12:55:18,32,7.05,0,24074
2026-09-09T12:55:28,32,7.27,0,24074
2026-09-09T12:55:38,32,7.06,0,24074
2026-09-09T12:55:48,32,7.05,0,24074
2026-09-09T12:55:58,32,7.06,0,24074
2026-09-09T12:56:08,32,7.03,0,24074
2026-09-09T12:56:18,32,7.26,0,24074
2026-09-09T12:56:28,32,7.22,0,24074
2026-09-09T12:56:38,32,7.04,0,24074
2026-09-09T12:56:48,32,7.22,0,24074
2026-09-09T12:56:58,32,7.26,0,24074
2026-09-09T12:57:08,32,7,0,24074
2026-09-09T12:57:18,32,7.2,0,24074
2026-09-09T12:57:28,32,7.02,0,24074
2026-09-09T12:57:38,32,7.21,0,24074
2026-09-09T12:57:48,32,6.99,0,24074
2026-09-09T12:57:58,32,7.19,0,24074
2026-09-09T12:58:08,32,7.21,0,24074
2026-09-09T12:58:18,32,7.01,0,24074
2026-09-09T12:58:29,32,7.2,0,24074
2026-09-09T12:58:39,32,6.99,0,24074
2026-09-09T12:58:49,32,6.99,0,24074
2026-09-09T12:58:59,32,6.81,0,24074
2026-09-09T12:59:09,32,6.97,0,24074
2026-09-09T12:59:19,32,7.21,0,24074
2026-09-09T12:59:29,32,7.01,0,24074
2026-09-09T12:59:39,32,7.15,0,24074
2026-09-09T12:59:49,32,6.98,0,24074
2026-09-09T12:59:59,32,6.99,0,24074
2026-09-09T13:00:09,32,6.75,0,24074
2026-09-09T13:00:19,32,7.2,0,24074
2026-09-09T13:00:29,32,6.77,0,24074
2026-09-09T13:00:39,32,7.03,0,24074
2026-09-09T13:00:49,32,7.24,0,24074
2026-09-09T13:00:59,32,6.96,0,24074
2026-09-09T13:01:09,32,7.24,0,24074
2026-09-09T13:01:19,32,7.06,0,24074
2026-09-09T13:01:29,32,7.05,0,24074
2026-09-09T13:01:40,32,7.05,0,24074
2026-09-09T13:01:50,32,7.02,0,24074
2026-09-09T13:02:00,32,7.25,0,24074
2026-09-09T13:02:10,32,7.27,0,24074
2026-09-09T13:02:20,32,7.06,0,24074
2026-09-09T13:02:30,32,6.97,0,24074
2026-09-09T13:02:40,32,7.23,0,24074
2026-09-09T13:02:50,32,7.01,0,24074
2026-09-09T13:03:00,32,7.2,0,24074
2026-09-09T13:03:10,32,7.02,0,24074
2026-09-09T13:03:20,32,7.19,0,24074
2026-09-09T13:03:30,32,7,0,24074
2026-09-09T13:03:40,32,7.03,0,24074
2026-09-09T13:03:50,32,6.78,0,24074
2026-09-09T13:04:00,32,7.21,0,24074
2026-09-09T13:04:10,32,7.02,0,24074
2026-09-09T13:04:20,32,7.02,0,24074
2026-09-09T13:04:30,32,7.5,0,24074
2026-09-09T13:04:40,32,7.04,0,24074
2026-09-09T13:04:51,32,7.55,0,24074
2026-09-09T13:05:01,32,7.3,0,24074
2026-09-09T13:05:11,32,7.29,0,24074
2026-09-09T13:05:21,32,6.94,0,24074
2026-09-09T13:05:31,32,6.96,0,24074
2026-09-09T13:05:41,32,7.05,0,24074
2026-09-09T13:05:51,32,7.28,0,24074
2026-09-09T13:06:01,32,7.08,0,24074
2026-09-09T13:06:11,32,7.03,0,24074
2026-09-09T13:06:21,32,7.03,0,24074
2026-09-09T13:06:31,32,7.22,0,24074
2026-09-09T13:06:41,32,6.98,0,24074
2026-09-09T13:06:51,32,7.05,0,24074
2026-09-09T13:07:01,32,7.29,0,24074
2026-09-09T13:07:11,32,7.06,0,24074
2026-09-09T13:07:21,32,7.07,0,24074
2026-09-09T13:07:31,32,7.02,0,24074
2026-09-09T13:07:41,32,7.06,0,24074
2026-09-09T13:07:51,32,7.24,0,24074
2026-09-09T13:08:01,32,6.98,0,24074
2026-09-09T13:08:11,32,7.24,0,24074
2026-09-09T13:08:22,32,7,0,24074
2026-09-09T13:08:32,32,7.2,0,24074
2026-09-09T13:08:42,32,6.81,0,24074
2026-09-09T13:08:52,32,7.22,0,24074
2026-09-09T13:09:02,32,7,0,24074
2026-09-09T13:09:12,32,7.04,0,24074
2026-09-09T13:09:22,32,6.78,0,24074
2026-09-09T13:09:32,32,7.03,0,24074
2026-09-09T13:09:42,32,7.27,0,24074
2026-09-09T13:09:52,32,7.05,0,24074
2026-09-09T13:10:02,32,7.28,0,24074
2026-09-09T13:10:12,32,7.06,0,24074
2026-09-09T13:10:22,32,6.99,0,24074
2026-09-09T13:10:32,32,7.21,0,24074
2026-09-09T13:10:42,32,6.98,0,24074
2026-09-09T13:10:52,32,7.21,0,24074
2026-09-09T13:11:02,32,7.02,0,24074
2026-09-09T13:11:12,32,7.01,0,24074
2026-09-09T13:11:22,32,7.01,0,24074
2026-09-09T13:11:32,32,6.99,0,24074
2026-09-09T13:11:43,32,7.23,0,24074
2026-09-09T13:11:53,32,6.99,0,24074
2026-09-09T13:12:03,32,6.97,0,24074
2026-09-09T13:12:13,32,6.95,0,24074
2026-09-09T13:12:23,32,7.22,0,24074
2026-09-09T13:12:33,32,6.96,0,24074
2026-09-09T13:12:43,32,7.19,0,24074
2026-09-09T13:12:53,32,6.93,0,24074
2026-09-09T13:13:03,32,6.96,0,24074
2026-09-09T13:13:13,32,6.76,0,24074
2026-09-09T13:13:23,48,277.45,91,24074
2026-09-09T13:13:33,57,276.89,88,24074
2026-09-09T13:13:43,72,246.61,100,24074
2026-09-09T13:13:53,75,188.92,100,24074
2026-09-09T13:14:03,84,278.05,94,24074
2026-09-09T13:14:13,90,254.99,95,24074
2026-09-09T13:14:24,89,237.92,95,24074
2026-09-09T13:14:34,88,231.22,86,24074
2026-09-09T13:14:44,87,224.69,95,24074
2026-09-09T13:14:54,87,226.02,94,24074
2026-09-09T13:15:04,87,180.93,100,24074
2026-09-09T13:15:14,89,267.37,93,24074
2026-09-09T13:15:24,87,226.38,98,24074
2026-09-09T13:15:34,87,222.96,95,24074
2026-09-09T13:15:44,86,223.85,95,24074
2026-09-09T13:15:54,86,218.89,95,24074
2026-09-09T13:16:04,85,197.01,96,24074
2026-09-09T13:16:14,87,204.22,100,24074
2026-09-09T13:16:24,87,210.78,100,24074
2026-09-09T13:16:34,87,230.51,94,24074
2026-09-09T13:16:44,86,221.4,95,24074
2026-09-09T13:16:54,87,220.94,92,24074
2026-09-09T13:17:05,87,225.81,92,24074
2026-09-09T13:17:15,86,221.28,95,24074
2026-09-09T13:17:25,86,217,91,24074
2026-09-09T13:17:35,86,217.34,98,24074
2026-09-09T13:17:45,86,220.39,90,24074
2026-09-09T13:17:55,86,217.28,94,24074
2026-09-09T13:18:05,86,217.72,89,24074
2026-09-09T13:18:15,86,215.44,98,24074
2026-09-09T13:18:25,86,212.13,92,24074
2026-09-09T13:18:35,86,218.58,88,24074
2026-09-09T13:18:45,86,208.72,87,24074
2026-09-09T13:18:55,86,218.29,89,24074
2026-09-09T13:19:05,86,211.47,78,24074
2026-09-09T13:19:15,86,212.89,85,24074
2026-09-09T13:19:25,86,218.13,83,24074
2026-09-09T13:19:36,87,253.68,100,24074
2026-09-09T13:19:46,88,197.79,100,24074
2026-09-09T13:19:56,88,206.94,100,24074
2026-09-09T13:20:06,87,200.21,96,24074
2026-09-09T13:20:16,88,212.6,100,24074
2026-09-09T13:20:26,87,219.07,100,24074
2026-09-09T13:20:36,88,212.97,100,24074
2026-09-09T13:20:46,88,215.24,100,24074
2026-09-09T13:20:56,85,204.81,94,24074
2026-09-09T13:21:06,87,230.5,94,24074
2026-09-09T13:21:16,88,229.71,89,24074
2026-09-09T13:21:26,88,197.67,100,24074
2026-09-09T13:21:36,87,227.78,95,24074
2026-09-09T13:21:46,86,219.6,95,24074
2026-09-09T13:21:56,85,198.82,62,24074
2026-09-09T13:22:07,86,218.59,93,24074
2026-09-09T13:22:17,89,203.03,100,24074
2026-09-09T13:22:27,87,192.04,100,24074
2026-09-09T13:22:37,87,220,97,24074
2026-09-09T13:22:47,87,226.9,94,24074
2026-09-09T13:22:57,89,205.96,88,24074
2026-09-09T13:23:07,87,219.47,95,24074
2026-09-09T13:23:17,54,32.87,0,24074
2026-09-09T13:23:27,45,10.8,0,24074
2026-09-09T13:23:37,42,8.69,0,24074
2026-09-09T13:23:47,41,7.93,0,24074
2026-09-09T13:23:57,40,7.59,0,24074
2026-09-09T13:24:07,39,7.44,0,24074
2026-09-09T13:24:17,39,7.58,0,24074
2026-09-09T13:24:27,38,7.28,0,24074
2026-09-09T13:24:37,38,7.18,0,24074
2026-09-09T13:24:48,38,7.11,0,24074
2026-09-09T13:24:58,37,7.09,0,24074
2026-09-09T13:25:08,37,7.26,0,24074
2026-09-09T13:25:18,37,7.05,0,24074
2026-09-09T13:25:28,36,7.28,0,24074
2026-09-09T13:25:38,36,7.03,0,24074
2026-09-09T13:25:48,36,7,0,24074
2026-09-09T13:25:58,36,7.22,0,24074
2026-09-09T13:26:08,36,7,0,24074
2026-09-09T13:26:18,36,7.23,0,24074
2026-09-09T13:26:28,36,6.97,0,24074
2026-09-09T13:26:38,36,6.99,0,24074
2026-09-09T13:26:48,35,7.02,0,24074
2026-09-09T13:26:58,35,7.19,0,24074
2026-09-09T13:27:08,35,7.03,0,24074
2026-09-09T13:27:18,35,7.19,0,24074
2026-09-09T13:27:28,35,6.98,0,24074
2026-09-09T13:27:39,35,6.97,0,24074
2026-09-09T13:27:49,35,7.2,0,24074
2026-09-09T13:27:59,35,7.02,0,24074
2026-09-09T13:28:09,35,7.2,0,24074
2026-09-09T13:28:19,34,7.31,0,24074
2026-09-09T13:28:29,34,7,0,24074
2026-09-09T13:28:39,34,7.01,0,24074
2026-09-09T13:28:49,34,6.97,0,24074
2026-09-09T13:28:59,34,7.01,0,24074
2026-09-09T13:29:09,34,7.24,0,24074
2026-09-09T13:29:19,34,6.97,0,24074
2026-09-09T13:29:29,34,7.23,0,24074
2026-09-09T13:29:39,34,7.05,0,24074
2026-09-09T13:29:49,34,7.07,0,24074
2026-09-09T13:29:59,34,7.03,0,24074
2026-09-09T13:30:09,34,7.65,0,24074
2026-09-09T13:30:20,34,7.29,0,24074
2026-09-09T13:30:30,34,7.32,0,24074
2026-09-09T13:30:40,34,7.27,0,24074
2026-09-09T13:30:50,34,7.33,0,24074
2026-09-09T13:31:00,34,7.29,0,24074
2026-09-09T13:31:10,34,7.23,0,24074
2026-09-09T13:31:20,33,7.28,0,24074
2026-09-09T13:31:30,34,7.29,0,24074
2026-09-09T13:31:40,33,7.32,0,24074
2026-09-09T13:31:50,33,7.32,0,24074
2026-09-09T13:32:00,33,7.26,0,24074
2026-09-09T13:32:10,33,7.31,0,24074
2026-09-09T13:32:20,33,7.28,0,24074
2026-09-09T13:32:30,33,7.27,0,24074
2026-09-09T13:32:40,33,7.23,0,24074
2026-09-09T13:32:50,33,7.25,0,24074
2026-09-09T13:33:00,33,7.27,0,24074
2026-09-09T13:33:11,33,7.25,0,24074
2026-09-09T13:33:21,33,7.27,0,24074
2026-09-09T13:33:31,33,7.26,0,24074
2026-09-09T13:33:41,33,7.2,0,24074
2026-09-09T13:33:51,33,6.97,0,24074
2026-09-09T13:34:01,33,7.25,0,24074
2026-09-09T13:34:11,33,7.25,0,24074
2026-09-09T13:34:21,33,7.26,0,24074
2026-09-09T13:34:31,33,7.28,0,24074
2026-09-09T13:34:41,33,7.24,0,24074
2026-09-09T13:34:51,33,7,0,24074
2026-09-09T13:35:01,33,7.01,0,24074
2026-09-09T13:35:11,33,7.28,0,24074
2026-09-09T13:35:21,33,7.28,0,24074
2026-09-09T13:35:31,33,7.25,0,24074
2026-09-09T13:35:41,33,7.28,0,24074
2026-09-09T13:35:52,33,7.25,0,24074
2026-09-09T13:36:02,33,7.27,0,24074
2026-09-09T13:36:12,33,7.26,0,24074
2026-09-09T13:36:22,33,7.23,0,24074
2026-09-09T13:36:32,33,7.04,0,24074
2026-09-09T13:36:42,33,7.3,0,24074
2026-09-09T13:36:52,33,7,0,24074
2026-09-09T13:37:02,33,6.97,0,24074
2026-09-09T13:37:12,33,7.26,0,24074
2026-09-09T13:37:22,33,7.22,0,24074
2026-09-09T13:37:32,33,7.23,0,24074
2026-09-09T13:37:42,33,7.25,0,24074
2026-09-09T13:37:52,33,7.26,0,24074
2026-09-09T13:38:02,33,7.28,0,24074
2026-09-09T13:38:12,33,7.26,0,24074
2026-09-09T13:38:23,33,7.27,0,24074
2026-09-09T13:38:33,33,7.25,0,24074
2026-09-09T13:38:43,33,7.28,0,24074
2026-09-09T13:38:53,33,7.22,0,24074
2026-09-09T13:39:03,33,7.23,0,24074
2026-09-09T13:39:13,33,7.24,0,24074
2026-09-09T13:39:23,33,7.24,0,24074
2026-09-09T13:39:33,33,7.21,0,24074
2026-09-09T13:39:43,33,7.24,0,24074
2026-09-09T13:39:53,33,7.23,0,24074
2026-09-09T13:40:03,33,7.19,0,24074
2026-09-09T13:40:13,33,7.21,0,24074
2026-09-09T13:40:23,33,7.27,0,24074
2026-09-09T13:40:33,33,7.2,0,24074
2026-09-09T13:40:43,32,6.97,0,24074
2026-09-09T13:40:53,32,6.99,0,24074
2026-09-09T13:41:03,32,7.23,0,24074
2026-09-09T13:41:14,32,7.21,0,24074
2026-09-09T13:41:24,32,7.22,0,24074
2026-09-09T13:41:34,32,7.24,0,24074
2026-09-09T13:41:44,32,6.96,0,24074
2026-09-09T13:41:54,32,7.18,0,24074
2026-09-09T13:42:04,32,7.18,0,24074
2026-09-09T13:42:14,32,6.97,0,24074
2026-09-09T13:42:24,32,6.96,0,24074
2026-09-09T13:42:34,32,7.24,0,24074
2026-09-09T13:42:44,32,7.23,0,24074
2026-09-09T13:42:54,32,6.97,0,24074
2026-09-09T13:43:04,32,6.96,0,24074
2026-09-09T13:43:14,32,6.94,0,24074
2026-09-09T13:43:24,32,7.15,0,24074
2026-09-09T13:43:34,32,6.99,0,24074
2026-09-09T13:43:45,32,7.19,0,24074
2026-09-09T13:43:55,32,7.03,0,24074
2026-09-09T13:44:05,32,7.05,0,24074
2026-09-09T13:44:15,32,6.98,0,24074
2026-09-09T13:44:25,32,7.24,0,24074
2026-09-09T13:44:35,32,6.99,0,24074
2026-09-09T13:44:45,32,6.99,0,24074
2026-09-09T13:44:55,32,6.93,0,24074
2026-09-09T13:45:05,32,6.94,0,24074
2026-09-09T13:45:15,32,7.18,0,24074
2026-09-09T13:45:25,32,7.02,0,24074
2026-09-09T13:45:35,32,7.25,0,24074
2026-09-09T13:45:45,32,6.98,0,24074
2026-09-09T13:45:55,32,7.22,0,24074
2026-09-09T13:46:05,32,6.99,0,24074
2026-09-09T13:46:15,32,7.15,0,24074
2026-09-09T13:46:25,32,6.95,0,24074
2026-09-09T13:46:36,32,6.97,0,24074
2026-09-09T13:46:46,32,7.21,0,24074
2026-09-09T13:46:56,32,7.02,0,24074
2026-09-09T13:47:06,32,7.19,0,24074
2026-09-09T13:47:16,32,7.03,0,24074
2026-09-09T13:47:26,32,6.98,0,24074
2026-09-09T13:47:36,32,6.94,0,24074
2026-09-09T13:47:46,32,6.99,0,24074
2026-09-09T13:47:56,32,7.2,0,24074
2026-09-09T13:48:06,32,6.95,0,24074
2026-09-09T13:48:16,32,7.15,0,24074
2026-09-09T13:48:26,32,6.93,0,24074
2026-09-09T13:48:36,32,7.14,0,24074
2026-09-09T13:48:46,32,6.95,0,24074
2026-09-09T13:48:56,32,7.18,0,24074
2026-09-09T13:49:06,32,6.94,0,24074
2026-09-09T13:49:17,32,6.93,0,24074
2026-09-09T13:49:27,32,6.98,0,24074
2026-09-09T13:49:37,32,6.96,0,24074
2026-09-09T13:49:47,32,7.18,0,24074
2026-09-09T13:49:57,32,7.2,0,24074
2026-09-09T13:50:07,32,6.93,0,24074
2026-09-09T13:50:17,32,6.93,0,24074
2026-09-09T13:50:27,32,7.15,0,24074
2026-09-09T13:50:37,32,7,0,24074
2026-09-09T13:50:47,32,7.18,0,24074
2026-09-09T13:50:57,32,7.17,0,24074
2026-09-09T13:51:07,32,7,0,24074
2026-09-09T13:51:17,32,7.22,0,24074
2026-09-09T13:51:27,32,6.96,0,24074
2026-09-09T13:51:37,32,7.2,0,24074
2026-09-09T13:51:47,32,7.21,0,24074
2026-09-09T13:51:57,32,7,0,24074
2026-09-09T13:52:08,32,7.19,0,24074
2026-09-09T13:52:18,32,7.21,0,24074
2026-09-09T13:52:28,32,6.89,0,24074
2026-09-09T13:52:38,32,6.95,0,24074
2026-09-09T13:52:48,32,6.97,0,24074
2026-09-09T13:52:58,32,7.02,0,24074
2026-09-09T13:53:08,32,7.21,0,24074
2026-09-09T13:53:18,32,7.3,0,24074
2026-09-09T13:53:28,32,7.24,0,24074
2026-09-09T13:53:38,32,7.04,0,24074
2026-09-09T13:53:48,32,6.98,0,24074
2026-09-09T13:53:58,32,6.99,0,24074
2026-09-09T13:54:08,32,6.99,0,24074
2026-09-09T13:54:18,32,7.23,0,24074
2026-09-09T13:54:28,32,6.76,0,24074
2026-09-09T13:54:39,32,7.16,0,24074
2026-09-09T13:54:49,32,7.02,0,24074
2026-09-09T13:54:59,32,6.97,0,24074
2026-09-09T13:55:09,32,7.24,0,24074
2026-09-09T13:55:19,32,6.98,0,24074
2026-09-09T13:55:29,32,7.26,0,24074
2026-09-09T13:55:39,32,7.03,0,24074
2026-09-09T13:55:49,32,7.05,0,24074
2026-09-09T13:55:59,32,7.29,0,24074
2026-09-09T13:56:09,32,7.02,0,24074
2026-09-09T13:56:19,32,7.3,0,24074
2026-09-09T13:56:29,32,7.06,0,24074
2026-09-09T13:56:39,32,7.11,0,24074
2026-09-09T13:56:49,32,7.02,0,24074
2026-09-09T13:56:59,32,7.05,0,24074
2026-09-09T13:57:09,32,7.27,0,24074
2026-09-09T13:57:20,32,7.09,0,24074
2026-09-09T13:57:30,32,7.25,0,24074
2026-09-09T13:57:40,32,7.06,0,24074
2026-09-09T13:57:50,32,7.01,0,24074
2026-09-09T13:58:00,32,7.02,0,24074
2026-09-09T13:58:10,32,7.24,0,24074
2026-09-09T13:58:20,32,7.05,0,24074
2026-09-09T13:58:30,32,7.03,0,24074
2026-09-09T13:58:40,32,7.2,0,24074
2026-09-09T13:58:50,32,6.98,0,24074
2026-09-09T13:59:00,32,7.01,0,24074
2026-09-09T13:59:10,32,7.27,0,24074
2026-09-09T13:59:20,32,7.25,0,24074
2026-09-09T13:59:30,32,7.01,0,24074
2026-09-09T13:59:40,32,7.02,0,24074
2026-09-09T13:59:50,32,7.26,0,24074
2026-09-09T14:00:00,32,7.04,0,24074
2026-09-09T14:00:10,32,7.24,0,24074
2026-09-09T14:00:20,32,7,0,24074
2026-09-09T14:00:31,32,7.22,0,24074
2026-09-09T14:00:41,32,7.01,0,24074
2026-09-09T14:00:51,32,7.02,0,24074
2026-09-09T14:01:01,32,7,0,24074
2026-09-09T14:01:11,32,6.98,0,24074
2026-09-09T14:01:21,32,7.2,0,24074
2026-09-09T14:01:31,32,7.02,0,24074
2026-09-09T14:01:41,32,7.24,0,24074
2026-09-09T14:01:51,32,6.99,0,24074
2026-09-09T14:02:01,32,6.96,0,24074
2026-09-09T14:02:11,32,6.98,0,24074
2026-09-09T14:02:21,32,7.02,0,24074
2026-09-09T14:02:31,32,7.22,0,24074
2026-09-09T14:02:41,32,7.04,0,24074
2026-09-09T14:02:51,32,7.23,0,24074
2026-09-09T14:03:01,32,7,0,24074
2026-09-09T14:03:11,32,7.05,0,24074
2026-09-09T14:03:22,32,7.06,0,24074
2026-09-09T14:03:32,32,7.24,0,24074
2026-09-09T14:03:42,32,7.04,0,24074
2026-09-09T14:03:52,32,7,0,24074
2026-09-09T14:04:02,32,7.07,0,24074
2026-09-09T14:04:12,32,7.04,0,24074
2026-09-09T14:04:22,32,7.28,0,24074
2026-09-09T14:04:32,32,7.03,0,24074
2026-09-09T14:04:42,32,7.2,0,24074
2026-09-09T14:04:52,32,7.02,0,24074
2026-09-09T14:05:02,32,7.06,0,24074
2026-09-09T14:05:12,32,7.04,0,24074
2026-09-09T14:05:22,32,7.05,0,24074
2026-09-09T14:05:32,32,7.25,0,24074
2026-09-09T14:05:42,32,6.98,0,24074
2026-09-09T14:05:52,32,7.19,0,24074
2026-09-09T14:06:03,32,7.03,0,24074
2026-09-09T14:06:13,32,7.3,0,24074
2026-09-09T14:06:23,32,7.06,0,24074
2026-09-09T14:06:33,32,7.22,0,24074
2026-09-09T14:06:43,32,7.01,0,24074
2026-09-09T14:06:53,32,7,0,24074
2026-09-09T14:07:03,32,7.06,0,24074
2026-09-09T14:07:13,32,7.07,0,24074
2026-09-09T14:07:23,32,7.28,0,24074
2026-09-09T14:07:33,32,7.02,0,24074
2026-09-09T14:07:43,32,7.26,0,24074
2026-09-09T14:07:53,32,7.02,0,24074
2026-09-09T14:08:03,32,7.06,0,24074
2026-09-09T14:08:13,32,7.22,0,24074
2026-09-09T14:08:23,32,7.09,0,24074
2026-09-09T14:08:33,32,7.28,0,24074
2026-09-09T14:08:44,32,7.02,0,24074
2026-09-09T14:08:54,32,7.01,0,24074
2026-09-09T14:09:04,32,7.01,0,24074
2026-09-09T14:09:14,32,7.22,0,24074
2026-09-09T14:09:24,32,7.03,0,24074
2026-09-09T14:09:34,32,7.09,0,24074
2026-09-09T14:09:44,32,7.03,0,24074
2026-09-09T14:09:54,32,7.05,0,24074
2026-09-09T14:10:04,32,7.3,0,24074
2026-09-09T14:10:14,32,7.06,0,24074
2026-09-09T14:10:24,32,7.32,0,24074
2026-09-09T14:10:34,32,7.01,0,24074
2026-09-09T14:10:44,32,7.07,0,24074
2026-09-09T14:10:54,32,7.08,0,24074
2026-09-09T14:11:04,32,7.06,0,24074
2026-09-09T14:11:14,32,7.23,0,24074
2026-09-09T14:11:25,32,7.01,0,24074
2026-09-09T14:11:35,32,7.24,0,24074
2026-09-09T14:11:45,32,7.04,0,24074
2026-09-09T14:11:55,32,7.27,0,24074
2026-09-09T14:12:05,32,7.06,0,24074
2026-09-09T14:12:15,32,7.28,0,24074
2026-09-09T14:12:25,32,7.05,0,24074
2026-09-09T14:12:35,32,6.99,0,24074
2026-09-09T14:12:45,32,7.04,0,24074
2026-09-09T14:12:55,32,7.02,0,24074
2026-09-09T14:13:05,32,7.28,0,24074
2026-09-09T14:13:15,32,7.08,0,24074
2026-09-09T14:13:25,32,7.24,0,24074
2026-09-09T14:13:35,32,7.07,0,24074
2026-09-09T14:13:45,32,7.1,0,24074
2026-09-09T14:13:55,32,7.23,0,24074
2026-09-09T14:14:05,32,6.98,0,24074
2026-09-09T14:14:16,32,7.22,0,24074
2026-09-09T14:14:26,32,7.03,0,24074
2026-09-09T14:14:36,32,6.99,0,24074
2026-09-09T14:14:46,32,7.03,0,24074
2026-09-09T14:14:56,32,7.27,0,24074
2026-09-09T14:15:06,32,7.03,0,24074
2026-09-09T14:15:16,32,7.06,0,24074
2026-09-09T14:15:26,32,7.08,0,24074
2026-09-09T14:15:36,32,7.06,0,24074
2026-09-09T14:15:46,32,7.24,0,24074
2026-09-09T14:15:56,32,7,0,24074
2026-09-09T14:16:06,32,7.29,0,24074
2026-09-09T14:16:16,32,7.06,0,24074
2026-09-09T14:16:26,32,6.97,0,24074
2026-09-09T14:16:36,32,7.04,0,24074
2026-09-09T14:16:46,32,7.26,0,24074
2026-09-09T14:16:56,32,7.03,0,24074
2026-09-09T14:17:07,32,7.05,0,24074
2026-09-09T14:17:17,32,7.05,0,24074
2026-09-09T14:17:27,32,7.06,0,24074
2026-09-09T14:17:37,32,7.26,0,24074
2026-09-09T14:17:47,32,7.04,0,24074
2026-09-09T14:17:57,32,7.28,0,24074
2026-09-09T14:18:07,32,7.04,0,24074
2026-09-09T14:18:17,32,7.01,0,24074
2026-09-09T14:18:27,32,7.01,0,24074
2026-09-09T14:18:37,32,7.02,0,24074
2026-09-09T14:18:47,32,7.27,0,24074
2026-09-09T14:18:57,32,7.07,0,24074
2026-09-09T14:19:07,32,7.02,0,24074
2026-09-09T14:19:17,32,7.03,0,24074
2026-09-09T14:19:27,32,7.23,0,24074
2026-09-09T14:19:38,32,7.02,0,24074
2026-09-09T14:19:48,32,7.05,0,24074
2026-09-09T14:19:58,32,7.25,0,24074
2026-09-09T14:20:08,32,7.03,0,24074
2026-09-09T14:20:18,32,7.25,0,24074
2026-09-09T14:20:28,32,7.05,0,24074
2026-09-09T14:20:38,32,7,0,24074
2026-09-09T14:20:48,32,7.03,0,24074
2026-09-09T14:20:58,32,7.01,0,24074
2026-09-09T14:21:08,32,7.22,0,24074
2026-09-09T14:21:18,32,7,0,24074
2026-09-09T14:21:28,32,7.22,0,24074
2026-09-09T14:21:38,48,277.1,91,24074
2026-09-09T14:21:48,56,275.42,84,24074
2026-09-09T14:21:58,71,275.11,89,24074
2026-09-09T14:22:08,89,277.07,87,24074
2026-09-09T14:22:18,89,252.08,83,24074
2026-09-09T14:22:28,89,234.4,89,24074
2026-09-09T14:22:39,87,222.71,90,24074
2026-09-09T14:22:49,87,222.13,92,24074
2026-09-09T14:22:59,87,222.69,91,24074
2026-09-09T14:23:09,86,217.24,98,24074
2026-09-09T14:23:19,86,196.27,100,24074
2026-09-09T14:23:29,87,225.96,97,24074
2026-09-09T14:23:39,86,217.24,97,24074
2026-09-09T14:23:49,86,221.42,96,24074
2026-09-09T14:23:59,86,221.29,96,24074
2026-09-09T14:24:09,88,207.3,94,24074
2026-09-09T14:24:19,86,261.02,98,24074
2026-09-09T14:24:29,87,221.69,97,24074
2026-09-09T14:24:39,86,218.53,98,24074
2026-09-09T14:24:49,79,146.34,0,24074
2026-09-09T14:24:59,88,196.12,81,24074
2026-09-09T14:25:09,86,225.12,96,24074
2026-09-09T14:25:19,87,222.34,97,24074
2026-09-09T14:25:29,86,216.93,98,24074
2026-09-09T14:25:39,86,218.89,97,24074
2026-09-09T14:25:49,86,215.12,95,24074
2026-09-09T14:26:00,86,220.26,97,24074
2026-09-09T14:26:10,86,209.83,97,24074
2026-09-09T14:26:20,86,216.74,96,24074
2026-09-09T14:26:30,86,217.76,96,24074
2026-09-09T14:26:40,86,216.6,97,24074
2026-09-09T14:26:50,86,217.47,97,24074
2026-09-09T14:27:00,86,217.93,99,24074
2026-09-09T14:27:10,80,178.56,92,24074
2026-09-09T14:27:20,87,228.99,97,24074
2026-09-09T14:27:30,87,224.4,97,24074
2026-09-09T14:27:40,86,217.82,97,24074
2026-09-09T14:27:50,86,217.76,98,24074
2026-09-09T14:28:00,86,218.08,97,24074
2026-09-09T14:28:10,86,213.75,99,24074
2026-09-09T14:28:20,86,213.98,97,24074
2026-09-09T14:28:30,85,213.85,93,24074
2026-09-09T14:28:40,85,214.9,97,24074
2026-09-09T14:28:50,86,213.93,97,24074
2026-09-09T14:29:00,86,214.99,97,24074
2026-09-09T14:29:10,86,195.96,100,24074
2026-09-09T14:29:21,83,200.62,95,24074
2026-09-09T14:29:31,86,209.3,94,24074
2026-09-09T14:29:41,86,220.43,95,24074
2026-09-09T14:29:51,86,218.93,99,24074
2026-09-09T14:30:01,86,219.5,97,24074
2026-09-09T14:30:11,86,218.07,98,24074
2026-09-09T14:30:21,86,213.65,96,24074
2026-09-09T14:30:31,86,213.35,95,24074
2026-09-09T14:30:41,86,213.34,97,24074
2026-09-09T14:30:51,86,214.09,99,24074
2026-09-09T14:31:01,85,188.62,100,24074
2026-09-09T14:31:11,86,223.95,97,24074
2026-09-09T14:31:21,88,198,100,24074
2026-09-09T14:31:31,87,223.24,95,24074
2026-09-09T14:31:41,86,216.56,97,24074
2026-09-09T14:31:51,86,215.73,86,24074
2026-09-09T14:32:01,86,214.64,96,24074
2026-09-09T14:32:11,85,208.25,97,24074
2026-09-09T14:32:22,86,213.99,97,24074
2026-09-09T14:32:32,86,213.88,99,24074
2026-09-09T14:32:42,85,175.05,100,24074
2026-09-09T14:32:52,86,221.61,97,24074
2026-09-09T14:33:02,86,193.89,100,24074
2026-09-09T14:33:12,88,252.17,97,24074
2026-09-09T14:33:22,86,218.46,97,24074
2026-09-09T14:33:32,86,215.23,97,24074
2026-09-09T14:33:42,86,215.4,97,24074
2026-09-09T14:33:52,85,209.91,97,24074
2026-09-09T14:34:02,86,211.22,96,24074
2026-09-09T14:34:12,86,213.11,96,24074
2026-09-09T14:34:22,86,213.36,99,24074
2026-09-09T14:34:32,86,210.65,97,24074
2026-09-09T14:34:42,86,209.85,100,24074
2026-09-09T14:34:52,86,215.22,96,24074
2026-09-09T14:35:02,88,197.73,100,24074
2026-09-09T14:35:12,86,219.23,92,24074
2026-09-09T14:35:22,86,219.35,91,24074
2026-09-09T14:35:33,86,211.73,95,24074
2026-09-09T14:35:43,86,213.73,98,24074
2026-09-09T14:35:53,86,214.61,96,24074
2026-09-09T14:36:03,86,213.79,98,24074
2026-09-09T14:36:13,86,212.95,96,24074
2026-09-09T14:36:23,86,213.08,97,24074
2026-09-09T14:36:33,86,213.16,99,24074
2026-09-09T14:36:43,86,225.95,100,24074
2026-09-09T14:36:53,86,221.3,96,24074
2026-09-09T14:37:03,83,206.3,0,24074
2026-09-09T14:37:13,88,249.08,90,24074
2026-09-09T14:37:23,86,211.72,97,24074
2026-09-09T14:37:33,86,212.77,94,24074
2026-09-09T14:37:43,87,224.3,94,24074
2026-09-09T14:37:53,86,215.2,95,24074
2026-09-09T14:38:03,86,214.68,98,24074
2026-09-09T14:38:13,87,215.06,100,24074
2026-09-09T14:38:23,76,130.19,0,24074
2026-09-09T14:38:34,86,218.85,93,24074
2026-09-09T14:38:44,86,217.65,94,24074
2026-09-09T14:38:54,86,214.67,100,24074
2026-09-09T14:39:04,86,214.28,95,24074
2026-09-09T14:39:14,86,214.37,94,24074
2026-09-09T14:39:24,86,206.3,96,24074
2026-09-09T14:39:34,85,206.52,94,24074
2026-09-09T14:39:44,86,212.73,94,24074
2026-09-09T14:39:54,86,213.17,100,24074
2026-09-09T14:40:04,86,213.02,93,24074
2026-09-09T14:40:14,86,213.18,97,24074
2026-09-09T14:40:24,86,197.45,100,24074
2026-09-09T14:40:34,86,197.39,100,24074
2026-09-09T14:40:44,86,220.21,91,24074
2026-09-09T14:40:54,86,216.39,97,24074
2026-09-09T14:41:04,86,215.47,94,24074
2026-09-09T14:41:15,87,224.81,93,24074
2026-09-09T14:41:25,86,212.54,93,24074
2026-09-09T14:41:35,86,218.06,92,24074
2026-09-09T14:41:45,86,216.95,94,24074
2026-09-09T14:41:55,85,206.32,92,24074
2026-09-09T14:42:05,86,212.31,92,24074
2026-09-09T14:42:15,86,212.35,91,24074
2026-09-09T14:42:25,85,208.67,93,24074
2026-09-09T14:42:35,76,136.71,0,24074
2026-09-09T14:42:45,87,201.29,100,24074
2026-09-09T14:42:55,87,209.18,100,24074
2026-09-09T14:43:05,88,200.4,100,24074
2026-09-09T14:43:15,88,205.11,100,24074
2026-09-09T14:43:25,90,209.08,100,24074
2026-09-09T14:43:35,88,205.58,100,24074
2026-09-09T14:43:46,85,180.91,100,24074
2026-09-09T14:43:56,87,202.05,100,24074
2026-09-09T14:44:06,87,227.48,95,24074
2026-09-09T14:44:16,88,211.34,99,24074
2026-09-09T14:44:26,87,223.17,95,24074
2026-09-09T14:44:36,87,218.54,94,24074
2026-09-09T14:44:46,86,216.36,95,24074
2026-09-09T14:44:56,86,213.53,98,24074
2026-09-09T14:45:06,86,213.25,98,24074
2026-09-09T14:45:16,87,191.42,100,24074
2026-09-09T14:45:26,85,216.47,94,24074
2026-09-09T14:45:36,86,215.38,95,24074
2026-09-09T14:45:46,87,222.57,94,24074
2026-09-09T14:45:56,86,215.59,92,24074
2026-09-09T14:46:06,86,211.91,93,24074
2026-09-09T14:46:17,86,212.04,94,24074
2026-09-09T14:46:27,86,212.34,93,24074
2026-09-09T14:46:37,86,211.47,93,24074
2026-09-09T14:46:47,86,211.48,99,24074
2026-09-09T14:46:57,86,211.44,93,24074
2026-09-09T14:47:07,86,211.07,90,24074
2026-09-09T14:47:17,86,211.92,89,24074
2026-09-09T14:47:27,86,212.81,96,24074
2026-09-09T14:47:37,86,212.89,95,24074
2026-09-09T14:47:47,86,213.17,99,24074
2026-09-09T14:47:57,86,212.15,95,24074
2026-09-09T14:48:07,86,212.88,94,24074
2026-09-09T14:48:17,85,210.74,95,24074
2026-09-09T14:48:27,86,214.91,98,24074
2026-09-09T14:48:37,86,214.5,95,24074
2026-09-09T14:48:47,86,216.84,94,24074
2026-09-09T14:48:58,85,208.54,96,24074
2026-09-09T14:49:08,86,192.09,100,24074
2026-09-09T14:49:18,86,202.22,100,24074
2026-09-09T14:49:28,85,207.47,0,24074
2026-09-09T14:49:38,86,221.76,96,24074
2026-09-09T14:49:48,86,210.35,95,24074
2026-09-09T14:49:58,86,215.64,95,24074
2026-09-09T14:50:08,86,215.85,98,24074
2026-09-09T14:50:18,86,210.94,95,24074
2026-09-09T14:50:28,86,211.89,95,24074
2026-09-09T14:50:38,86,212.15,99,24074
2026-09-09T14:50:48,86,212.73,98,24074
2026-09-09T14:50:58,86,212.5,94,24074
2026-09-09T14:51:08,87,199.59,100,24074
2026-09-09T14:51:18,86,258.69,0,24074
2026-09-09T14:51:28,90,214.12,93,24074
2026-09-09T14:51:39,86,218.58,94,24074
2026-09-09T14:51:49,86,219.96,94,24074
2026-09-09T14:51:59,86,216.28,94,24074
2026-09-09T14:52:09,63,52.55,0,24074
2026-09-09T14:52:19,45,12.32,0,24074
2026-09-09T14:52:29,42,8.85,0,24074
2026-09-09T14:52:39,41,8.01,0,24074
2026-09-09T14:52:49,40,7.72,0,24074
2026-09-09T14:52:59,40,7.51,0,24074
2026-09-09T14:53:09,39,7.38,0,24074
2026-09-09T14:53:19,38,7.44,0,24074
2026-09-09T14:53:29,38,7.21,0,24074
2026-09-09T14:53:39,38,7.19,0,24074
2026-09-09T14:53:49,38,7.12,0,24074
2026-09-09T14:53:59,37,7.31,0,24074
2026-09-09T14:54:09,37,7.14,0,24074
2026-09-09T14:54:19,37,7.31,0,24074
2026-09-09T14:54:29,37,7.01,0,24074
2026-09-09T14:54:39,36,6.98,0,24074
2026-09-09T14:54:50,36,6.99,0,24074
2026-09-09T14:55:00,36,7.05,0,24074
2026-09-09T14:55:10,36,7.27,0,24074
2026-09-09T14:55:20,36,6.83,0,24074
2026-09-09T14:55:30,36,7.26,0,24074
2026-09-09T14:55:40,36,7.07,0,24074
2026-09-09T14:55:50,36,7.05,0,24074
2026-09-09T14:56:00,35,7.26,0,24074
2026-09-09T14:56:10,35,7.05,0,24074
2026-09-09T14:56:20,35,7.28,0,24074
2026-09-09T14:56:30,35,7.01,0,24074
2026-09-09T14:56:40,35,7.01,0,24074
2026-09-09T14:56:50,35,7.01,0,24074
2026-09-09T14:57:00,35,7.03,0,24074
2026-09-09T14:57:10,35,7.24,0,24074
2026-09-09T14:57:20,35,6.99,0,24074
2026-09-09T14:57:30,35,6.82,0,24074
2026-09-09T14:57:40,35,7.26,0,24074
2026-09-09T14:57:50,35,6.99,0,24074
2026-09-09T14:58:00,34,6.98,0,24074
2026-09-09T14:58:11,34,6.98,0,24074
2026-09-09T14:58:21,34,7.02,0,24074
2026-09-09T14:58:31,34,7.31,0,24074
2026-09-09T14:58:41,34,7.08,0,24074
2026-09-09T14:58:51,34,7.29,0,24074
2026-09-09T14:59:01,34,7.05,0,24074
2026-09-09T14:59:11,34,7.05,0,24074
2026-09-09T14:59:21,34,7.3,0,24074
2026-09-09T14:59:31,34,7.07,0,24074
2026-09-09T14:59:41,34,7.09,0,24074
2026-09-09T14:59:51,34,7.09,0,24074
2026-09-09T15:00:01,34,7.33,0,24074
2026-09-09T15:00:11,34,7.05,0,24074
2026-09-09T15:00:21,34,7.31,0,24074
2026-09-09T15:00:31,34,7.02,0,24074
2026-09-09T15:00:41,34,7.06,0,24074
2026-09-09T15:00:51,34,7.05,0,24074
2026-09-09T15:01:01,34,7.09,0,24074
2026-09-09T15:01:11,34,7.23,0,24074
2026-09-09T15:01:21,34,7.08,0,24074
2026-09-09T15:01:32,34,7.29,0,24074
2026-09-09T15:01:42,33,7.09,0,24074
2026-09-09T15:01:52,33,7.06,0,24074
2026-09-09T15:02:02,33,7.04,0,24074
2026-09-09T15:02:12,33,7.03,0,24074
2026-09-09T15:02:22,33,7.08,0,24074
2026-09-09T15:02:32,33,7.24,0,24074
2026-09-09T15:02:42,33,7.02,0,24074
2026-09-09T15:02:52,33,7.04,0,24074
2026-09-09T15:03:02,33,7.24,0,24074
2026-09-09T15:03:12,33,7,0,24074
2026-09-09T15:03:22,33,7.05,0,24074
2026-09-09T15:03:32,33,7.07,0,24074
2026-09-09T15:03:42,33,7.24,0,24074
2026-09-09T15:03:52,33,6.8,0,24074
2026-09-09T15:04:02,33,7.2,0,24074
2026-09-09T15:04:12,33,6.97,0,24074
2026-09-09T15:04:22,33,7.04,0,24074
2026-09-09T15:04:32,33,7,0,24074
2026-09-09T15:04:43,33,7,0,24074
2026-09-09T15:04:53,33,7.24,0,24074
2026-09-09T15:05:03,33,7.06,0,24074
2026-09-09T15:05:13,33,7.24,0,24074
2026-09-09T15:05:23,33,7.31,0,24074
2026-09-09T15:05:33,33,7.08,0,24074
2026-09-09T15:05:43,33,7.08,0,24074
2026-09-09T15:05:53,33,7.24,0,24074
2026-09-09T15:06:03,33,7.01,0,24074
2026-09-09T15:06:13,33,7.28,0,24074
2026-09-09T15:06:23,33,7.12,0,24074
2026-09-09T15:06:33,33,7.05,0,24074
2026-09-09T15:06:43,33,7.08,0,24074
2026-09-09T15:06:53,33,7.32,0,24074
2026-09-09T15:07:03,33,7.05,0,24074
2026-09-09T15:07:13,33,7.06,0,24074
2026-09-09T15:07:23,33,7.1,0,24074
2026-09-09T15:07:33,33,7.31,0,24074
2026-09-09T15:07:43,33,7.26,0,24074
2026-09-09T15:07:53,33,7,0,24074
2026-09-09T15:08:04,33,7.09,0,24074
2026-09-09T15:08:14,33,6.97,0,24074
2026-09-09T15:08:24,33,7.05,0,24074
2026-09-09T15:08:34,33,7.25,0,24074
2026-09-09T15:08:44,33,7.03,0,24074
2026-09-09T15:08:54,33,7.01,0,24074
2026-09-09T15:09:04,33,7.02,0,24074
2026-09-09T15:09:14,33,7.07,0,24074
2026-09-09T15:09:24,33,7.25,0,24074
2026-09-09T15:09:34,33,6.99,0,24074
2026-09-09T15:09:44,33,7.29,0,24074
2026-09-09T15:09:54,33,7.14,0,24074
2026-09-09T15:10:04,33,7.09,0,24074
2026-09-09T15:10:14,33,7.25,0,24074
2026-09-09T15:10:24,33,7.01,0,24074
2026-09-09T15:10:34,33,7.01,0,24074
2026-09-09T15:10:44,33,7.07,0,24074
2026-09-09T15:10:54,33,7.28,0,24074
2026-09-09T15:11:04,33,7.04,0,24074
2026-09-09T15:11:15,33,7.06,0,24074
2026-09-09T15:11:25,33,7.07,0,24074
2026-09-09T15:11:35,33,7.14,0,24074
2026-09-09T15:11:45,33,7.28,0,24074
2026-09-09T15:11:55,33,7.06,0,24074
2026-09-09T15:12:05,33,7.3,0,24074
2026-09-09T15:12:15,33,7.09,0,24074
2026-09-09T15:12:25,33,7.03,0,24074
2026-09-09T15:12:35,33,7.1,0,24074
2026-09-09T15:12:45,33,6.96,0,24074
2026-09-09T15:12:55,33,7.09,0,24074
2026-09-09T15:13:05,33,7.43,0,24074
2026-09-09T15:13:15,33,7.04,0,24074
2026-09-09T15:13:25,33,7.06,0,24074
2026-09-09T15:13:35,33,7.29,0,24074
2026-09-09T15:13:45,33,7.12,0,24074
2026-09-09T15:13:55,33,7.09,0,24074
2026-09-09T15:14:05,33,7.05,0,24074
2026-09-09T15:14:15,33,7.32,0,24074
2026-09-09T15:14:25,33,7.08,0,24074
2026-09-09T15:14:36,33,7,0,24074
2026-09-09T15:14:46,33,7.01,0,24074
2026-09-09T15:14:56,33,7.26,0,24074
2026-09-09T15:15:06,33,7.06,0,24074
2026-09-09T15:15:16,33,7.06,0,24074
2026-09-09T15:15:26,33,7.22,0,24074
2026-09-09T15:15:36,33,7,0,24074
2026-09-09T15:15:46,33,7.27,0,24074
2026-09-09T15:15:56,33,7.03,0,24074
2026-09-09T15:16:06,33,7.08,0,24074
2026-09-09T15:16:16,33,7.04,0,24074
2026-09-09T15:16:26,33,7.24,0,24074
2026-09-09T15:16:36,33,7.04,0,24074
2026-09-09T15:16:46,48,276.45,89,24074
2026-09-09T15:16:56,54,276.91,87,24074
2026-09-09T15:17:06,55,134.54,0,24074
2026-09-09T15:17:16,44,9.65,0,24074
2026-09-09T15:17:27,60,277.84,87,24074
2026-09-09T15:17:37,82,278.03,88,24074
2026-09-09T15:17:47,90,251.93,94,24074
2026-09-09T15:17:57,89,232.53,94,24074
2026-09-09T15:18:07,87,257.76,90,24074
2026-09-09T15:18:17,88,235.7,94,24074
2026-09-09T15:18:27,87,227.75,95,24074
2026-09-09T15:18:37,87,227.1,95,24074
2026-09-09T15:18:47,88,194.29,100,24074
2026-09-09T15:18:57,87,226.9,96,24074
2026-09-09T15:19:07,87,222.85,95,24074
2026-09-09T15:19:17,86,220.64,95,24074
2026-09-09T15:19:27,86,220.4,98,24074
2026-09-09T15:19:37,87,220.11,95,24074
2026-09-09T15:19:47,85,202.13,96,24074
2026-09-09T15:19:58,86,217.71,88,24074
2026-09-09T15:20:08,86,216.94,95,24074
2026-09-09T15:20:18,86,217.23,97,24074
2026-09-09T15:20:28,86,193.13,100,24074
2026-09-09T15:20:38,75,138.12,19,24074
2026-09-09T15:20:48,86,214.43,95,24074
2026-09-09T15:20:58,86,221.78,97,24074
2026-09-09T15:21:08,86,221.1,95,24074
2026-09-09T15:21:18,86,219.49,95,24074
2026-09-09T15:21:28,87,216.5,100,24074
2026-09-09T15:21:38,88,274.82,93,24074
2026-09-09T15:21:48,87,230.36,96,24074
2026-09-09T15:21:58,87,228.2,94,24074
2026-09-09T15:22:08,87,221.51,94,24074
2026-09-09T15:22:18,86,214.14,97,24074
2026-09-09T15:22:28,86,215.88,94,24074
2026-09-09T15:22:39,86,218.34,94,24074
2026-09-09T15:22:49,86,216.18,95,24074
2026-09-09T15:22:59,86,216.58,95,24074
2026-09-09T15:23:09,86,216.87,99,24074
2026-09-09T15:23:19,86,215.9,95,24074
2026-09-09T15:23:29,86,184.17,100,24074
2026-09-09T15:23:39,86,166.91,100,24074
2026-09-09T15:23:49,85,185.36,18,24074
2026-09-09T15:23:59,84,220.13,6,24074
2026-09-09T15:24:09,86,182.68,100,24074
2026-09-09T15:24:19,86,222.41,96,24074
2026-09-09T15:24:29,86,214.36,94,24074
2026-09-09T15:24:39,86,214.92,95,24074
2026-09-09T15:24:49,86,215.72,96,24074
2026-09-09T15:24:59,86,215.45,98,24074
2026-09-09T15:25:10,86,215.56,95,24074
2026-09-09T15:25:20,85,207.31,98,24074
2026-09-09T15:25:30,86,219.84,95,24074
2026-09-09T15:25:40,86,216.1,99,24074
2026-09-09T15:25:50,86,217.86,94,24074
2026-09-09T15:26:00,86,218.29,95,24074
2026-09-09T15:26:10,86,216.67,99,24074
2026-09-09T15:26:20,86,214.38,99,24074
2026-09-09T15:26:30,86,214.6,96,24074
2026-09-09T15:26:40,86,214.39,95,24074
2026-09-09T15:26:50,83,174.04,94,24074
2026-09-09T15:27:00,89,277.73,94,24074
2026-09-09T15:27:10,86,222.99,95,24074
2026-09-09T15:27:20,89,204.36,100,24074
2026-09-09T15:27:30,86,221.56,99,24074
2026-09-09T15:27:40,86,214.41,94,24074
2026-09-09T15:27:51,86,218.65,95,24074
2026-09-09T15:28:01,86,218.86,96,24074
2026-09-09T15:28:11,86,215.65,95,24074
2026-09-09T15:28:21,86,214.8,94,24074
2026-09-09T15:28:31,86,214.85,97,24074
2026-09-09T15:28:41,86,214.69,95,24074
2026-09-09T15:28:51,86,214.92,100,24074
2026-09-09T15:29:01,86,214.65,95,24074
2026-09-09T15:29:11,86,214.82,98,24074
2026-09-09T15:29:21,86,198.69,100,24074
2026-09-09T15:29:31,86,213.39,95,24074
2026-09-09T15:29:41,89,207.27,100,24074
2026-09-09T15:29:51,87,194.67,100,24074
2026-09-09T15:30:01,87,211.48,81,24074
2026-09-09T15:30:11,86,213.69,94,24074
2026-09-09T15:30:21,87,226.01,95,24074
2026-09-09T15:30:32,86,220.06,96,24074
2026-09-09T15:30:42,87,219.96,97,24074
2026-09-09T15:30:52,86,217.57,93,24074
2026-09-09T15:31:02,86,214.31,95,24074
2026-09-09T15:31:12,86,213.41,99,24074
2026-09-09T15:31:22,86,213.9,93,24074
2026-09-09T15:31:32,86,215.79,92,24074
2026-09-09T15:31:42,86,213.56,90,24074
2026-09-09T15:31:52,86,213.52,98,24074
2026-09-09T15:32:02,85,207.81,100,24074
2026-09-09T15:32:12,87,201.73,100,24074
2026-09-09T15:32:22,89,210.87,100,24074
2026-09-09T15:32:32,87,205.66,100,24074
2026-09-09T15:32:42,87,200.9,100,24074
2026-09-09T15:32:52,88,208.99,100,24074
2026-09-09T15:33:03,87,199.46,100,24074
2026-09-09T15:33:13,87,209.3,100,24074
2026-09-09T15:33:23,87,219.92,100,24074
2026-09-09T15:33:33,84,201.15,100,24074
2026-09-09T15:33:43,85,216.36,0,24074
2026-09-09T15:33:53,89,218.11,88,24074
2026-09-09T15:34:03,86,216.72,94,24074
2026-09-09T15:34:13,86,218.5,95,24074
2026-09-09T15:34:23,86,217.07,94,24074
2026-09-09T15:34:33,86,217.05,96,24074
2026-09-09T15:34:43,86,186.34,100,24074
2026-09-09T15:34:53,88,259.04,95,24074
2026-09-09T15:35:03,86,206.66,86,24074
2026-09-09T15:35:13,87,220.1,94,24074
2026-09-09T15:35:23,53,24.43,0,24074
2026-09-09T15:35:34,44,10.88,0,24074
2026-09-09T15:35:44,42,8.39,0,24074
2026-09-09T15:35:54,41,8,0,24074
2026-09-09T15:36:04,40,7.58,0,24074
2026-09-09T15:36:14,39,7.69,0,24074
2026-09-09T15:36:24,39,7.38,0,24074
2026-09-09T15:36:34,38,7.3,0,24074
2026-09-09T15:36:44,38,7.21,0,24074
2026-09-09T15:36:54,38,7.41,0,24074
2026-09-09T15:37:04,37,7.15,0,24074
2026-09-09T15:37:14,37,7.32,0,24074
2026-09-09T15:37:24,37,7.1,0,24074
2026-09-09T15:37:34,37,7.31,0,24074
2026-09-09T15:37:44,36,7.13,0,24074
2026-09-09T15:37:54,36,7.3,0,24074
2026-09-09T15:38:05,36,7.08,0,24074
2026-09-09T15:38:15,36,7.05,0,24074
2026-09-09T15:38:25,36,7.1,0,24074
2026-09-09T15:38:35,36,7.05,0,24074
2026-09-09T15:38:45,36,7.28,0,24074
2026-09-09T15:38:55,36,7.05,0,24074
2026-09-09T15:39:05,35,7.26,0,24074
2026-09-09T15:39:15,35,7.04,0,24074
2026-09-09T15:39:25,35,7.02,0,24074
2026-09-09T15:39:35,35,7.28,0,24074
2026-09-09T15:39:45,35,7.08,0,24074
2026-09-09T15:39:55,35,7.28,0,24074
2026-09-09T15:40:05,35,7.08,0,24074
2026-09-09T15:40:15,35,7.24,0,24074
2026-09-09T15:40:25,35,7.03,0,24074
2026-09-09T15:40:35,35,7.22,0,24074
2026-09-09T15:40:46,35,6.99,0,24074
2026-09-09T15:40:56,34,7.15,0,24074
2026-09-09T15:41:06,34,7,0,24074
2026-09-09T15:41:16,34,7.01,0,24074
2026-09-09T15:41:26,34,7.03,0,24074
2026-09-09T15:41:36,34,7.21,0,24074
2026-09-09T15:41:46,34,6.99,0,24074
2026-09-09T15:41:56,34,7.04,0,24074
2026-09-09T15:42:06,34,7.27,0,24074
2026-09-09T15:42:16,34,7.06,0,24074
2026-09-09T15:42:26,34,7.01,0,24074
2026-09-09T15:42:36,34,7.04,0,24074
2026-09-09T15:42:46,34,7.26,0,24074
2026-09-09T15:42:56,34,7.07,0,24074
2026-09-09T15:43:06,34,7.27,0,24074
2026-09-09T15:43:16,34,7.02,0,24074
2026-09-09T15:43:27,34,7.28,0,24074
2026-09-09T15:43:37,34,7.29,0,24074
2026-09-09T15:43:47,34,7.04,0,24074
2026-09-09T15:43:57,34,7.32,0,24074
2026-09-09T15:44:07,34,7.04,0,24074
2026-09-09T15:44:17,34,6.99,0,24074
2026-09-09T15:44:27,34,7,0,24074
2026-09-09T15:44:37,34,7.23,0,24074
2026-09-09T15:44:47,33,7,0,24074
2026-09-09T15:44:57,33,7.14,0,24074
2026-09-09T15:45:07,33,6.99,0,24074
2026-09-09T15:45:17,33,7.02,0,24074
2026-09-09T15:45:27,33,7.28,0,24074
2026-09-09T15:45:37,33,7.01,0,24074
2026-09-09T15:45:47,33,7.24,0,24074
2026-09-09T15:45:57,33,6.97,0,24074
2026-09-09T15:46:08,33,7.04,0,24074
2026-09-09T15:46:18,33,7.03,0,24074
2026-09-09T15:46:28,33,7.07,0,24074
2026-09-09T15:46:38,33,7.26,0,24074
2026-09-09T15:46:48,33,6.99,0,24074
2026-09-09T15:46:58,33,7.2,0,24074
2026-09-09T15:47:08,33,6.98,0,24074
2026-09-09T15:47:18,33,7.18,0,24074
2026-09-09T15:47:28,33,7.04,0,24074
2026-09-09T15:47:38,33,7.24,0,24074
2026-09-09T15:47:48,33,6.98,0,24074
2026-09-09T15:47:58,33,7.04,0,24074
2026-09-09T15:48:08,33,7.04,0,24074
2026-09-09T15:48:18,33,7.22,0,24074
2026-09-09T15:48:28,33,7.21,0,24074
2026-09-09T15:48:39,33,6.98,0,24074
2026-09-09T15:48:49,34,7.18,0,24074
2026-09-09T15:48:59,34,6.99,0,24074
2026-09-09T15:49:09,34,6.99,0,24074
2026-09-09T15:49:19,34,7.23,0,24074
2026-09-09T15:49:29,34,6.98,0,24074
2026-09-09T15:49:39,34,7.21,0,24074
2026-09-09T15:49:49,33,7.03,0,24074
2026-09-09T15:49:59,34,6.91,0,24074
2026-09-09T15:50:09,33,6.98,0,24074
2026-09-09T15:50:19,33,7.16,0,24074
2026-09-09T15:50:29,33,6.93,0,24074
2026-09-09T15:50:39,34,7.13,0,24074
2026-09-09T15:50:49,33,6.98,0,24074
2026-09-09T15:50:59,33,6.97,0,24074
2026-09-09T15:51:09,33,7.15,0,24074
2026-09-09T15:51:19,33,6.98,0,24074
2026-09-09T15:51:30,33,7.14,0,24074
2026-09-09T15:51:40,33,6.95,0,24074
2026-09-09T15:51:50,33,6.98,0,24074
2026-09-09T15:52:00,33,6.99,0,24074
2026-09-09T15:52:10,33,6.96,0,24074
2026-09-09T15:52:20,33,7.15,0,24074
2026-09-09T15:52:30,34,6.98,0,24074
2026-09-09T15:52:40,33,7.18,0,24074
2026-09-09T15:52:50,46,276.44,86,24074
2026-09-09T15:53:00,54,277.09,93,24074
2026-09-09T15:53:10,64,277.93,88,24074
2026-09-09T15:53:20,78,277.53,88,24074
2026-09-09T15:53:30,90,270.85,88,24074
2026-09-09T15:53:40,89,241.19,91,24074
2026-09-09T15:53:50,88,229.3,95,24074
2026-09-09T15:54:00,88,226.87,95,24074
2026-09-09T15:54:11,87,219.59,95,24074
2026-09-09T15:54:21,87,221.46,96,24074
2026-09-09T15:54:31,87,222.61,95,24074
2026-09-09T15:54:41,86,217.1,98,24074
2026-09-09T15:54:51,87,222.94,95,24074
2026-09-09T15:55:01,85,211.64,95,24074
2026-09-09T15:55:11,86,216.62,95,24074
2026-09-09T15:55:21,86,216.8,95,24074
2026-09-09T15:55:31,86,217.37,98,24074
2026-09-09T15:55:41,87,197.1,100,24074
2026-09-09T15:55:51,87,226.33,95,24074
2026-09-09T15:56:01,85,185.95,95,24074
2026-09-09T15:56:11,87,227,93,24074
2026-09-09T15:56:21,86,219.18,96,24074
2026-09-09T15:56:31,86,218.82,94,24074
2026-09-09T15:56:42,86,222.79,99,24074
2026-09-09T15:56:52,86,217.38,95,24074
2026-09-09T15:57:02,86,213.98,95,24074
2026-09-09T15:57:12,86,214.54,95,24074
2026-09-09T15:57:22,86,214.08,97,24074
2026-09-09T15:57:32,86,214.8,95,24074
2026-09-09T15:57:42,86,194.41,100,24074
2026-09-09T15:57:52,86,220.5,96,24074
2026-09-09T15:58:02,69,113.76,0,24074
2026-09-09T15:58:12,83,259.24,91,24074
2026-09-09T15:58:22,86,223.06,94,24074
2026-09-09T15:58:32,90,254.36,90,24074
2026-09-09T15:58:42,87,226.26,94,24074
2026-09-09T15:58:52,87,221.33,95,24074
2026-09-09T15:59:02,86,217.4,94,24074
2026-09-09T15:59:13,86,215.33,95,24074
2026-09-09T15:59:23,86,216.69,96,24074
2026-09-09T15:59:33,86,217.28,96,24074
2026-09-09T15:59:43,86,215.25,94,24074
2026-09-09T15:59:53,87,222.56,94,24074
2026-09-09T16:00:03,87,192.01,100,24074
2026-09-09T16:00:13,86,224.26,97,24074
2026-09-09T16:00:23,88,193.92,100,24074
2026-09-09T16:00:33,84,229.91,47,24074
2026-09-09T16:00:43,86,197.2,100,24074
2026-09-09T16:00:53,87,229.38,94,24074
2026-09-09T16:01:03,86,205.08,93,24074
2026-09-09T16:01:13,86,222.47,95,24074
2026-09-09T16:01:23,85,221.36,100,24074
2026-09-09T16:01:33,83,197.06,7,24074
2026-09-09T16:01:43,86,218.89,87,24074
2026-09-09T16:01:54,86,221.58,95,24074
2026-09-09T16:02:04,86,215.57,95,24074
2026-09-09T16:02:14,86,209.69,94,24074
2026-09-09T16:02:24,87,224.74,94,24074
2026-09-09T16:02:34,87,224.87,98,24074
2026-09-09T16:02:44,86,217.96,95,24074
2026-09-09T16:02:54,86,214.71,94,24074
2026-09-09T16:03:04,86,218.77,95,24074
2026-09-09T16:03:14,87,180.29,100,24074
2026-09-09T16:03:24,86,218.36,98,24074
2026-09-09T16:03:34,89,244.54,85,24074
2026-09-09T16:03:44,86,210.81,95,24074
2026-09-09T16:03:54,88,226.59,100,24074
2026-09-09T16:04:04,86,210.21,95,24074
2026-09-09T16:04:14,86,219.4,99,24074
2026-09-09T16:04:24,87,224.12,96,24074
2026-09-09T16:04:35,87,224.76,95,24074
2026-09-09T16:04:45,86,217.42,93,24074
2026-09-09T16:04:55,86,216.81,100,24074
2026-09-09T16:05:05,86,216.93,100,24074
2026-09-09T16:05:15,86,187.02,100,24074
2026-09-09T16:05:25,86,279.64,90,24074
2026-09-09T16:05:35,85,204.27,95,24074
2026-09-09T16:05:45,86,219.78,95,24074
2026-09-09T16:05:55,79,157.84,0,24074
2026-09-09T16:06:05,86,233.55,97,24074
2026-09-09T16:06:15,86,214.53,100,24074
2026-09-09T16:06:25,80,157.48,0,24074
2026-09-09T16:06:35,50,17.59,0,24074
2026-09-09T16:06:45,43,10.19,0,24074
2026-09-09T16:06:55,42,8.59,0,24074
2026-09-09T16:07:05,41,7.96,0,24074
2026-09-09T16:07:16,40,7.91,0,24074
2026-09-09T16:07:26,39,7.73,0,24074
2026-09-09T16:07:36,39,7.55,0,24074
2026-09-09T16:07:46,38,7.53,0,24074
2026-09-09T16:07:56,38,7.29,0,24074
2026-09-09T16:08:06,38,7.46,0,24074
2026-09-09T16:08:16,37,7.21,0,24074
2026-09-09T16:08:26,37,7.21,0,24074
2026-09-09T16:08:36,37,7.16,0,24074
2026-09-09T16:08:46,37,7.1,0,24074
2026-09-09T16:08:56,36,7.11,0,24074
2026-09-09T16:09:06,36,7.08,0,24074
2026-09-09T16:09:16,36,7.12,0,24074
2026-09-09T16:09:26,47,215.12,92,24074
2026-09-09T16:09:36,49,155.06,0,24074
2026-09-09T16:09:46,42,7.8,0,24074
2026-09-09T16:09:57,40,7.61,0,24074
2026-09-09T16:10:07,39,7.39,0,24074
2026-09-09T16:10:17,38,7.65,0,24074
2026-09-09T16:10:27,37,7.24,0,24074
2026-09-09T16:10:37,37,7.42,0,24074
2026-09-09T16:10:47,37,7.44,0,24074
2026-09-09T16:10:57,36,7.37,0,24074
2026-09-09T16:11:07,36,7.15,0,24074
2026-09-09T16:11:17,36,7.12,0,24074
2026-09-09T16:11:27,36,7.14,0,24074
2026-09-09T16:11:37,36,7.15,0,24074
2026-09-09T16:11:47,36,7.31,0,24074
2026-09-09T16:11:57,35,7.06,0,24074
2026-09-09T16:12:07,35,7.29,0,24074
2026-09-09T16:12:17,35,7.06,0,24074
2026-09-09T16:12:28,35,7.03,0,24074
2026-09-09T16:12:38,35,6.99,0,24074
2026-09-09T16:12:48,35,7.33,0,24074
2026-09-09T16:12:58,35,7.32,0,24074
2026-09-09T16:13:08,35,7.18,0,24074
2026-09-09T16:13:18,35,7.16,0,24074
2026-09-09T16:13:28,35,7.15,0,24074
2026-09-09T16:13:38,46,277.26,92,24074
2026-09-09T16:13:48,37,7.13,0,24074
2026-09-09T16:13:58,36,7.1,0,24074
2026-09-09T16:14:08,36,7.35,0,24074
2026-09-09T16:14:18,36,7.09,0,24074
2026-09-09T16:14:28,35,7.11,0,24074
2026-09-09T16:14:38,35,7.11,0,24074
2026-09-09T16:14:48,35,7.32,0,24074
2026-09-09T16:14:58,35,7.04,0,24074
2026-09-09T16:15:09,35,7.3,0,24074
2026-09-09T16:15:19,35,7.16,0,24074
2026-09-09T16:15:29,35,7.1,0,24074
2026-09-09T16:15:39,35,7.3,0,24074
2026-09-09T16:15:49,35,7.15,0,24074
2026-09-09T16:15:59,34,7.35,0,24074
2026-09-09T16:16:09,34,7.16,0,24074
2026-09-09T16:16:19,34,7.15,0,24074
2026-09-09T16:16:29,34,7.35,0,24074
2026-09-09T16:16:39,36,10.3,73,24074
2026-09-09T16:16:49,46,208.15,0,24074
2026-09-09T16:16:59,39,7.43,0,24074
2026-09-09T16:17:09,38,7.38,0,24074
2026-09-09T16:17:19,37,7.3,0,24074
2026-09-09T16:17:29,37,7.43,0,24074
2026-09-09T16:17:39,36,7.18,0,24074
2026-09-09T16:17:50,36,7.42,0,24074
2026-09-09T16:18:00,36,7.16,0,24074
2026-09-09T16:18:10,36,7.11,0,24074
2026-09-09T16:18:20,35,7.32,0,24074
2026-09-09T16:18:30,35,7.15,0,24074
2026-09-09T16:18:40,35,7.37,0,24074
2026-09-09T16:18:50,35,7.18,0,24074
2026-09-09T16:19:00,47,174.11,100,24074
2026-09-09T16:19:10,56,277.87,94,24074
2026-09-09T16:19:20,46,12.25,0,24074
2026-09-09T16:19:30,42,9.15,0,24074
2026-09-09T16:19:40,40,7.82,0,24074
2026-09-09T16:19:50,39,7.76,0,24074
2026-09-09T16:20:00,38,7.43,0,24074
2026-09-09T16:20:10,37,7.64,0,24074
2026-09-09T16:20:20,37,7.24,0,24074
2026-09-09T16:20:30,36,7.26,0,24074
2026-09-09T16:20:40,36,7.4,0,24074
2026-09-09T16:20:51,36,7.14,0,24074
2026-09-09T16:21:01,36,7.37,0,24074
2026-09-09T16:21:11,36,7.41,0,24074
2026-09-09T16:21:21,35,7.09,0,24074
2026-09-09T16:21:31,35,7.33,0,24074
2026-09-09T16:21:41,35,7.12,0,24074
2026-09-09T16:21:51,35,7.33,0,24074
2026-09-09T16:22:01,35,7.11,0,24074
2026-09-09T16:22:11,35,7.08,0,24074
2026-09-09T16:22:21,35,7.16,0,24074
2026-09-09T16:22:31,35,7.36,0,24074
2026-09-09T16:22:41,34,7.07,0,24074
2026-09-09T16:22:51,34,7.27,0,24074
2026-09-09T16:23:01,34,7.09,0,24074
2026-09-09T16:23:11,34,7.15,0,24074
2026-09-09T16:23:21,34,7.14,0,24074
2026-09-09T16:23:31,34,7.52,0,24074
2026-09-09T16:23:41,34,7.54,0,24074
2026-09-09T16:23:51,34,7.47,0,24074
2026-09-09T16:24:01,34,7.19,0,24074
2026-09-09T16:24:11,34,7.22,0,24074
2026-09-09T16:24:22,34,7.39,0,24074
2026-09-09T16:24:32,34,7.16,0,24074
2026-09-09T16:24:42,34,7.11,0,24074
2026-09-09T16:24:52,34,7.45,0,24074
2026-09-09T16:25:02,33,7.32,0,24074
2026-09-09T16:25:12,33,7.13,0,24074
2026-09-09T16:25:22,33,7.15,0,24074
2026-09-09T16:25:32,33,7.33,0,24074
2026-09-09T16:25:42,33,7.1,0,24074
2026-09-09T16:25:52,33,7.1,0,24074
2026-09-09T16:26:02,33,7.1,0,24074
2026-09-09T16:26:12,33,7.31,0,24074
2026-09-09T16:26:22,33,7.06,0,24074
2026-09-09T16:26:32,33,7.36,0,24074
2026-09-09T16:26:42,33,7.32,0,24074
2026-09-09T16:26:52,33,7.14,0,24074
2026-09-09T16:27:02,33,7.12,0,24074
2026-09-09T16:27:12,33,7.11,0,24074
2026-09-09T16:27:22,33,7.08,0,24074
2026-09-09T16:27:33,33,7.31,0,24074
2026-09-09T16:27:43,33,7.14,0,24074
2026-09-09T16:27:53,33,7.33,0,24074
2026-09-09T16:28:03,33,7.15,0,24074
2026-09-09T16:28:13,33,7.41,0,24074
2026-09-09T16:28:23,33,7.47,0,24074
2026-09-09T16:28:33,33,7.16,0,24074
2026-09-09T16:28:43,33,7.43,0,24074
2026-09-09T16:28:53,33,7.16,0,24074
2026-09-09T16:29:03,33,7.39,0,24074
2026-09-09T16:29:13,33,7.34,0,24074
2026-09-09T16:29:23,33,7.15,0,24074
2026-09-09T16:29:33,33,7.38,0,24074
2026-09-09T16:29:43,33,7.19,0,24074
2026-09-09T16:29:53,33,7.13,0,24074
2026-09-09T16:30:03,33,7.42,0,24074
2026-09-09T16:30:13,33,7.12,0,24074
2026-09-09T16:30:23,33,7.33,0,24074
2026-09-09T16:30:33,33,7.08,0,24074
2026-09-09T16:30:44,33,7.08,0,24074
2026-09-09T16:30:54,33,7.05,0,24074
2026-09-09T16:31:04,33,7.32,0,24074
2026-09-09T16:31:14,33,7.12,0,24074
2026-09-09T16:31:24,33,7.31,0,24074
2026-09-09T16:31:34,33,7.1,0,24074
2026-09-09T16:31:44,32,7.32,0,24074
2026-09-09T16:31:54,32,7.06,0,24074
2026-09-09T16:32:04,32,7.34,0,24074
2026-09-09T16:32:14,32,7.45,0,24074
2026-09-09T16:32:24,32,7.39,0,24074
2026-09-09T16:32:34,32,7.12,0,24074
2026-09-09T16:32:44,32,7.28,0,24074
2026-09-09T16:32:54,32,7.07,0,24074
2026-09-09T16:33:04,32,7.18,0,24074
2026-09-09T16:33:14,32,7.11,0,24074
2026-09-09T16:33:24,32,7.33,0,24074
2026-09-09T16:33:34,32,7.05,0,24074
2026-09-09T16:33:44,32,7.43,0,24074
2026-09-09T16:33:54,32,7.36,0,24074
2026-09-09T16:34:05,32,7.45,0,24074
2026-09-09T16:34:15,32,7.37,0,24074
2026-09-09T16:34:25,32,7.4,0,24074
2026-09-09T16:34:35,32,7.4,0,24074
2026-09-09T16:34:45,32,7.41,0,24074
2026-09-09T16:34:55,32,7.29,0,24074
2026-09-09T16:35:05,32,7.04,0,24074
2026-09-09T16:35:15,32,7.29,0,24074
2026-09-09T16:35:25,32,7.08,0,24074
2026-09-09T16:35:35,32,7.36,0,24074
2026-09-09T16:35:45,32,7.28,0,24074
2026-09-09T16:35:55,32,7,0,24074
2026-09-09T16:36:05,32,7.28,0,24074
2026-09-09T16:36:15,32,7.02,0,24074
2026-09-09T16:36:25,32,7.12,0,24074
2026-09-09T16:36:35,32,7.29,0,24074
2026-09-09T16:36:45,32,7.34,0,24074
2026-09-09T16:36:55,32,7.38,0,24074
2026-09-09T16:37:05,32,7.08,0,24074
2026-09-09T16:37:16,32,7.32,0,24074
2026-09-09T16:37:26,32,7.33,0,24074
2026-09-09T16:37:36,32,7.3,0,24074
2026-09-09T16:37:46,32,7.29,0,24074
2026-09-09T16:37:56,32,7.38,0,24074
2026-09-09T16:38:06,32,7.42,0,24074
2026-09-09T16:38:16,32,7.39,0,24074
2026-09-09T16:38:26,32,7.39,0,24074
2026-09-09T16:38:36,32,7.04,0,24074
2026-09-09T16:38:46,32,7.02,0,24074
2026-09-09T16:38:56,32,7.27,0,24074
2026-09-09T16:39:06,32,7.46,0,24074
2026-09-09T16:39:16,32,7.41,0,24074
2026-09-09T16:39:26,32,7.12,0,24074
2026-09-09T16:39:36,32,7.1,0,24074
2026-09-09T16:39:46,32,7.12,0,24074
2026-09-09T16:39:56,32,7.33,0,24074
2026-09-09T16:40:06,32,7.08,0,24074
2026-09-09T16:40:16,32,7.11,0,24074
2026-09-09T16:40:26,32,7.35,0,24074
2026-09-09T16:40:37,32,7.28,0,24074
2026-09-09T16:40:47,32,7.09,0,24074
2026-09-09T16:40:57,32,7.07,0,24074
2026-09-09T16:41:07,32,7.35,0,24074
2026-09-09T16:41:17,32,7.32,0,24074
2026-09-09T16:41:27,32,7.36,0,24074
2026-09-09T16:41:37,32,7.37,0,24074
2026-09-09T16:41:47,32,7.38,0,24074
2026-09-09T16:41:57,32,7.09,0,24074
2026-09-09T16:42:07,32,7.09,0,24074
2026-09-09T16:42:17,32,7.11,0,24074
2026-09-09T16:42:27,32,7.35,0,24074
2026-09-09T16:42:37,32,7.06,0,24074
2026-09-09T16:42:47,32,7.04,0,24074
2026-09-09T16:42:57,32,7.42,0,24074
2026-09-09T16:43:07,32,7.35,0,24074
2026-09-09T16:43:17,32,7.39,0,24074
2026-09-09T16:43:27,32,7.45,0,24074
2026-09-09T16:43:37,32,7.43,0,24074
2026-09-09T16:43:47,32,7.35,0,24074
2026-09-09T16:43:58,32,7.36,0,24074
2026-09-09T16:44:08,32,7.38,0,24074
2026-09-09T16:44:18,32,7.13,0,24074
2026-09-09T16:44:28,32,7.43,0,24074
2026-09-09T16:44:38,32,7.38,0,24074
2026-09-09T16:44:48,32,7.08,0,24074
2026-09-09T16:44:58,32,7.29,0,24074
2026-09-09T16:45:08,32,7.36,0,24074
2026-09-09T16:45:18,32,6.8,0,24074
2026-09-09T16:45:28,32,7.02,0,24074
2026-09-09T16:45:38,32,7.34,0,24074
2026-09-09T16:45:48,32,7.1,0,24074
2026-09-09T16:45:58,32,7.36,0,24074
2026-09-09T16:46:08,32,7.12,0,24074
2026-09-09T16:46:18,32,7.45,0,24074
2026-09-09T16:46:28,32,7.44,0,24074
2026-09-09T16:46:38,32,7.41,0,24074
2026-09-09T16:46:48,32,7.46,0,24074
2026-09-09T16:46:58,32,7.41,0,24074
2026-09-09T16:47:08,32,7.42,0,24074
2026-09-09T16:47:19,32,7.39,0,24074
2026-09-09T16:47:29,32,7.44,0,24074
2026-09-09T16:47:39,32,7.44,0,24074
2026-09-09T16:47:49,32,7.47,0,24074
2026-09-09T16:47:59,32,7.35,0,24074
2026-09-09T16:48:09,32,7.35,0,24074
2026-09-09T16:48:19,32,7.37,0,24074
2026-09-09T16:48:29,32,7.18,0,24074
2026-09-09T16:48:39,32,7.41,0,24074
2026-09-09T16:48:49,32,7.12,0,24074
2026-09-09T16:48:59,32,7.36,0,24074
2026-09-09T16:49:09,32,7.34,0,24074
2026-09-09T16:49:19,32,7.43,0,24074
2026-09-09T16:49:29,32,7.17,0,24074
2026-09-09T16:49:39,32,7.13,0,24074
2026-09-09T16:49:49,32,7.38,0,24074
2026-09-09T16:49:59,32,7.35,0,24074
2026-09-09T16:50:09,32,7.37,0,24074
2026-09-09T16:50:19,32,7.12,0,24074
2026-09-09T16:50:29,32,7.13,0,24074
2026-09-09T16:50:40,32,7.29,0,24074
2026-09-09T16:50:50,32,7.03,0,24074
2026-09-09T16:51:00,32,7.11,0,24074
2026-09-09T16:51:10,32,7.07,0,24074
2026-09-09T16:51:20,32,7.3,0,24074
2026-09-09T16:51:30,32,7.07,0,24074
2026-09-09T16:51:40,32,7.1,0,24074
2026-09-09T16:51:50,32,7.15,0,24074
2026-09-09T16:52:00,32,7.12,0,24074
2026-09-09T16:52:10,32,7.36,0,24074
2026-09-09T16:52:20,32,7.05,0,24074
2026-09-09T16:52:30,32,7.08,0,24074
2026-09-09T16:52:40,32,7.37,0,24074
2026-09-09T16:52:50,32,7.09,0,24074
2026-09-09T16:53:00,32,7.34,0,24074
2026-09-09T16:53:10,32,7.3,0,24074
2026-09-09T16:53:20,32,7.02,0,24074
2026-09-09T16:53:30,32,7.08,0,24074
2026-09-09T16:53:41,32,7.27,0,24074
2026-09-09T16:53:51,32,7.45,0,24074
2026-09-09T16:54:01,32,7.13,0,24074
2026-09-09T16:54:11,32,7.12,0,24074
2026-09-09T16:54:21,32,7.07,0,24074
2026-09-09T16:54:31,32,7.07,0,24074
2026-09-09T16:54:41,32,7.37,0,24074
2026-09-09T16:54:51,32,7.37,0,24074
2026-09-09T16:55:01,32,7.04,0,24074
2026-09-09T16:55:11,32,7.4,0,24074
2026-09-09T16:55:21,32,7.47,0,24074
2026-09-09T16:55:31,32,7.41,0,24074
2026-09-09T16:55:41,32,7.43,0,24074
2026-09-09T16:55:51,32,7.45,0,24074
2026-09-09T16:56:01,32,7.36,0,24074
2026-09-09T16:56:11,32,7.37,0,24074
2026-09-09T16:56:21,32,7.39,0,24074
2026-09-09T16:56:31,32,7.47,0,24074
2026-09-09T16:56:41,32,7.38,0,24074
2026-09-09T16:56:51,32,7.15,0,24074
2026-09-09T16:57:02,32,7.13,0,24074
2026-09-09T16:57:12,32,7.45,0,24074
2026-09-09T16:57:22,32,7.44,0,24074
2026-09-09T16:57:32,32,7.39,0,24074
2026-09-09T16:57:42,32,7.45,0,24074
2026-09-09T16:57:52,32,7.14,0,24074
2026-09-09T16:58:02,32,7.47,0,24074
2026-09-09T16:58:12,32,7.5,0,24074
2026-09-09T16:58:22,32,7.37,0,24074
2026-09-09T16:58:32,32,7.39,0,24074
2026-09-09T16:58:42,32,7.48,0,24074
2026-09-09T16:58:52,32,7.43,0,24074
2026-09-09T16:59:02,32,7.37,0,24074
2026-09-09T16:59:12,32,7.34,0,24074
2026-09-09T16:59:22,32,7.36,0,24074
2026-09-09T16:59:32,32,7.05,0,24074
2026-09-09T16:59:42,32,7.05,0,24074
2026-09-09T16:59:52,32,7.1,0,24074
2026-09-09T17:00:03,32,7.29,0,24074
2026-09-09T17:00:13,32,7.1,0,24074
2026-09-09T17:00:23,32,7.38,0,24074
2026-09-09T17:00:33,32,7.4,0,24074
2026-09-09T17:00:43,32,7.37,0,24074
2026-09-09T17:00:53,32,7.36,0,24074
2026-09-09T17:01:03,32,7.31,0,24074
2026-09-09T17:01:13,32,7.28,0,24074
2026-09-09T17:01:23,32,7.39,0,24074
2026-09-09T17:01:33,32,7.34,0,24074
2026-09-09T17:01:43,32,7.31,0,24074
2026-09-09T17:01:53,32,7.04,0,24074
2026-09-09T17:02:03,32,7.02,0,24074
2026-09-09T17:02:13,32,7.03,0,24074
2026-09-09T17:02:23,32,7.38,0,24074
2026-09-09T17:02:33,32,7.04,0,24074
2026-09-09T17:02:43,32,7.05,0,24074
2026-09-09T17:02:53,32,7.26,0,24074
2026-09-09T17:03:03,32,7.09,0,24074
2026-09-09T17:03:13,32,7.39,0,24074
2026-09-09T17:03:23,32,7.4,0,24074
2026-09-09T17:03:34,32,7.36,0,24074
2026-09-09T17:03:44,32,7.02,0,24074
2026-09-09T17:03:54,32,7.3,0,24074
2026-09-09T17:04:04,32,7.34,0,24074
2026-09-09T17:04:14,32,7.02,0,24074
2026-09-09T17:04:24,32,7.04,0,24074
2026-09-09T17:04:34,32,7.33,0,24074
2026-09-09T17:04:44,32,7.38,0,24074
2026-09-09T17:04:54,32,7.36,0,24074
2026-09-09T17:05:04,32,7.08,0,24074
2026-09-09T17:05:14,32,7.26,0,24074
2026-09-09T17:05:24,32,7.33,0,24074
2026-09-09T17:05:34,32,7.06,0,24074
2026-09-09T17:05:44,32,7.31,0,24074
2026-09-09T17:05:54,32,7.01,0,24074
2026-09-09T17:06:04,32,7.24,0,24074
2026-09-09T17:06:14,32,7.25,0,24074
2026-09-09T17:06:24,32,7.31,0,24074
2026-09-09T17:06:34,32,7.34,0,24074
2026-09-09T17:06:44,32,7.39,0,24074
2026-09-09T17:06:55,32,7.38,0,24074
2026-09-09T17:07:05,32,7.29,0,24074
2026-09-09T17:07:15,32,7.28,0,24074
2026-09-09T17:07:25,32,7.39,0,24074
2026-09-09T17:07:35,32,7.3,0,24074
2026-09-09T17:07:45,32,7.07,0,24074
2026-09-09T17:07:55,32,7.26,0,24074
2026-09-09T17:08:05,32,7.3,0,24074
2026-09-09T17:08:15,32,7.24,0,24074
2026-09-09T17:08:25,32,7.03,0,24074
2026-09-09T17:08:35,32,6.98,0,24074
2026-09-09T17:08:45,32,6.95,0,24074
2026-09-09T17:08:55,32,7.29,0,24074
2026-09-09T17:09:05,32,6.98,0,24074
2026-09-09T17:09:15,32,7.25,0,24074
2026-09-09T17:09:25,32,7.38,0,24074
2026-09-09T17:09:35,32,7.25,0,24074
2026-09-09T17:09:45,32,7.27,0,24074
2026-09-09T17:09:55,32,7.03,0,24074
2026-09-09T17:10:05,32,7.07,0,24074
2026-09-09T17:10:16,32,7.31,0,24074
2026-09-09T17:10:26,32,7.27,0,24074
2026-09-09T17:10:36,32,7.24,0,24074
2026-09-09T17:10:46,32,7,0,24074
2026-09-09T17:10:56,32,7,0,24074
2026-09-09T17:11:06,32,7.33,0,24074
2026-09-09T17:11:16,32,7.24,0,24074
2026-09-09T17:11:26,32,7.26,0,24074
2026-09-09T17:11:36,32,7.06,0,24074
2026-09-09T17:11:46,32,7.07,0,24074
2026-09-09T17:11:56,32,7.33,0,24074
2026-09-09T17:12:06,32,7.3,0,24074
2026-09-09T17:12:16,32,7.25,0,24074
2026-09-09T17:12:26,32,7.32,0,24074
2026-09-09T17:12:36,32,7.39,0,24074
2026-09-09T17:12:46,32,7.35,0,24074
2026-09-09T17:12:56,32,7.36,0,24074
2026-09-09T17:13:06,32,7.26,0,24074
2026-09-09T17:13:16,32,7.36,0,24074
2026-09-09T17:13:27,32,7.32,0,24074
2026-09-09T17:13:37,32,7.33,0,24074
2026-09-09T17:13:47,32,7.07,0,24074
2026-09-09T17:13:57,32,7.38,0,24074
2026-09-09T17:14:07,32,7.35,0,24074
2026-09-09T17:14:17,32,7.31,0,24074
2026-09-09T17:14:27,32,7.44,0,24074
2026-09-09T17:14:37,32,7.3,0,24074
2026-09-09T17:14:47,32,7.34,0,24074
2026-09-09T17:14:57,32,7.36,0,24074
2026-09-09T17:15:07,32,7.39,0,24074
2026-09-09T17:15:17,32,7.44,0,24074
2026-09-09T17:15:27,32,7.41,0,24074
2026-09-09T17:15:37,32,7.44,0,24074
2026-09-09T17:15:47,32,7.37,0,24074
2026-09-09T17:15:57,32,7.43,0,24074
2026-09-09T17:16:07,32,7.07,0,24074
2026-09-09T17:16:17,32,7.38,0,24074
2026-09-09T17:16:27,32,7.08,0,24074
2026-09-09T17:16:37,32,7.33,0,24074
2026-09-09T17:16:47,32,7.42,0,24074
2026-09-09T17:16:58,32,7.38,0,24074
2026-09-09T17:17:08,32,7.39,0,24074
2026-09-09T17:17:18,32,7.38,0,24074
2026-09-09T17:17:28,32,7.43,0,24074
2026-09-09T17:17:38,32,7.37,0,24074
2026-09-09T17:17:48,32,7.03,0,24074
2026-09-09T17:17:58,32,7.39,0,24074
2026-09-09T17:18:08,32,7.11,0,24074
2026-09-09T17:18:18,32,7.36,0,24074
2026-09-09T17:18:28,32,7.43,0,24074
2026-09-09T17:18:38,32,7.46,0,24074
2026-09-09T17:18:48,32,7.4,0,24074
2026-09-09T17:18:58,32,7.42,0,24074
2026-09-09T17:19:08,32,7.41,0,24074
2026-09-09T17:19:18,32,7.38,0,24074
2026-09-09T17:19:28,32,7.41,0,24074
2026-09-09T17:19:38,32,7.35,0,24074
2026-09-09T17:19:48,32,7.36,0,24074
2026-09-09T17:19:58,32,7.45,0,24074
2026-09-09T17:20:09,42,235.92,99,24074
2026-09-09T17:20:19,50,240.68,100,24074
2026-09-09T17:20:29,56,264.52,100,24074
2026-09-09T17:20:39,64,277.1,88,24074
2026-09-09T17:20:49,84,278.52,92,24074
2026-09-09T17:20:59,87,235.95,92,24074
2026-09-09T17:21:09,90,246.34,89,24074
2026-09-09T17:21:19,88,233.24,89,24074
2026-09-09T17:21:29,88,235.72,92,24074
2026-09-09T17:21:39,88,232.89,91,24074
2026-09-09T17:21:49,87,229.26,89,24074
2026-09-09T17:21:59,87,229.34,89,24074
2026-09-09T17:22:09,86,225.9,93,24074
2026-09-09T17:22:19,80,155.37,0,24074
2026-09-09T17:22:29,87,211.79,100,24074
2026-09-09T17:22:39,89,218.35,100,24074
2026-09-09T17:22:50,87,216.38,100,24074
2026-09-09T17:23:00,88,215.52,98,24074
2026-09-09T17:23:10,86,215.15,100,24074
2026-09-09T17:23:20,86,211.33,100,24074
2026-09-09T17:23:30,86,219.07,24,24074
2026-09-09T17:23:40,89,247.95,94,24074
2026-09-09T17:23:50,88,237.18,95,24074
2026-09-09T17:24:00,81,244.03,15,24074
2026-09-09T17:24:10,86,225.87,100,24074
2026-09-09T17:24:20,88,238.27,95,24074
2026-09-09T17:24:30,87,231.63,95,24074
2026-09-09T17:24:40,60,39.59,0,24074
2026-09-09T17:24:50,66,277.33,87,24074
2026-09-09T17:25:00,59,129.24,25,24074
2026-09-09T17:25:10,85,277.04,87,24074
2026-09-09T17:25:21,88,222.71,100,24074
2026-09-09T17:25:31,88,235.33,92,24074
2026-09-09T17:25:41,87,257.73,90,24074
2026-09-09T17:25:51,88,239.39,94,24074
2026-09-09T17:26:01,88,236.37,95,24074
2026-09-09T17:26:11,87,226.93,95,24074
2026-09-09T17:26:21,88,203.25,69,24074
2026-09-09T17:26:31,88,212.5,100,24074
2026-09-09T17:26:41,88,241.06,93,24074
2026-09-09T17:26:51,88,232.56,93,24074
2026-09-09T17:27:01,87,233.2,95,24074
2026-09-09T17:27:11,88,235.47,92,24074
2026-09-09T17:27:21,87,230.3,94,24074
2026-09-09T17:27:31,87,227.69,95,24074
2026-09-09T17:27:41,87,228.92,95,24074
2026-09-09T17:27:52,87,227.65,95,24074
2026-09-09T17:28:02,87,228.17,95,24074
2026-09-09T17:28:12,87,228.14,95,24074
2026-09-09T17:28:22,87,228.37,95,24074
2026-09-09T17:28:32,86,208.93,99,24074
2026-09-09T17:28:42,86,279.37,92,24074
2026-09-09T17:28:52,83,226.57,93,24074
2026-09-09T17:29:02,89,215.45,100,24074
2026-09-09T17:29:12,87,215.81,100,24074
2026-09-09T17:29:22,87,233.6,94,24074
2026-09-09T17:29:32,60,88.97,0,24074
2026-09-09T17:29:42,44,11.38,0,24074
2026-09-09T17:29:52,56,277.47,93,24074
2026-09-09T17:30:02,48,48.64,90,24074
2026-09-09T17:30:12,44,9.67,0,24074
2026-09-09T17:30:22,42,8.84,0,24074
2026-09-09T17:30:33,40,7.75,0,24074
2026-09-09T17:30:43,39,7.47,0,24074
2026-09-09T17:30:53,38,7.34,0,24074
2026-09-09T17:31:03,48,258.05,0,24074
2026-09-09T17:31:13,40,7.59,0,24074
2026-09-09T17:31:23,48,128.17,0,24074
2026-09-09T17:31:33,42,8.15,0,24074
2026-09-09T17:31:43,40,7.63,0,24074
2026-09-09T17:31:53,47,197.11,11,24074
2026-09-09T17:32:03,54,163.17,100,24074
2026-09-09T17:32:13,64,275.87,94,24074
2026-09-09T17:32:23,75,182.21,100,24074
2026-09-09T17:32:33,84,275.95,90,24074
2026-09-09T17:32:43,80,148.96,0,24074
2026-09-09T17:32:53,47,15.23,0,24074
2026-09-09T17:33:03,42,9.47,0,24074
2026-09-09T17:33:14,40,7.98,0,24074
2026-09-09T17:33:24,39,7.58,0,24074
2026-09-09T17:33:34,39,7.36,0,24074
2026-09-09T17:33:44,38,7.68,0,24074
2026-09-09T17:33:54,37,7.3,0,24074
2026-09-09T17:34:04,37,7.4,0,24074
2026-09-09T17:34:14,37,7.11,0,24074
2026-09-09T17:34:24,36,7.36,0,24074
2026-09-09T17:34:34,36,7.18,0,24074
2026-09-09T17:34:44,36,7.09,0,24074
2026-09-09T17:34:54,36,7.11,0,24074
2026-09-09T17:35:04,36,7.05,0,24074
2026-09-09T17:35:14,35,7.26,0,24074
2026-09-09T17:35:24,35,7.03,0,24074
2026-09-09T17:35:34,35,7.24,0,24074
2026-09-09T17:35:44,35,7.03,0,24074
2026-09-09T17:35:54,35,7.06,0,24074
2026-09-09T17:36:04,35,7.05,0,24074
2026-09-09T17:36:14,35,7.28,0,24074
2026-09-09T17:36:25,34,7.04,0,24074
2026-09-09T17:36:35,34,7.08,0,24074
2026-09-09T17:36:45,34,7.29,0,24074
2026-09-09T17:36:55,34,7.04,0,24074
2026-09-09T17:37:05,34,7.31,0,24074
2026-09-09T17:37:15,34,7.07,0,24074
2026-09-09T17:37:25,34,7.1,0,24074
2026-09-09T17:37:35,34,7.03,0,24074
2026-09-09T17:37:45,34,7,0,24074
2026-09-09T17:37:55,34,7.28,0,24074
2026-09-09T17:38:05,34,7.07,0,24074
2026-09-09T17:38:15,33,7.33,0,24074
2026-09-09T17:38:25,33,7.11,0,24074
2026-09-09T17:38:35,45,226.57,88,24074
2026-09-09T17:38:45,47,158.28,100,24074
2026-09-09T17:38:55,55,278.46,88,24074
2026-09-09T17:39:05,66,276.51,89,24074
2026-09-09T17:39:16,87,278.15,91,24074
2026-09-09T17:39:26,90,248.37,95,24074
2026-09-09T17:39:36,86,206.94,100,24074
2026-09-09T17:39:46,89,249.4,94,24074
2026-09-09T17:39:56,88,237.9,94,24074
2026-09-09T17:40:06,88,233.94,95,24074
2026-09-09T17:40:16,87,231.61,94,24074
2026-09-09T17:40:26,87,227.4,93,24074
2026-09-09T17:40:36,87,231.73,94,24074
2026-09-09T17:40:46,87,227,95,24074
2026-09-09T17:40:56,88,219.48,95,24074
2026-09-09T17:41:06,88,259.77,95,24074
2026-09-09T17:41:16,89,259.26,91,24074
2026-09-09T17:41:26,85,241.94,24,24074
2026-09-09T17:41:36,84,200.01,100,24074
2026-09-09T17:41:47,87,237.75,95,24074
2026-09-09T17:41:57,87,234.09,95,24074
2026-09-09T17:42:07,87,228.98,95,24074
2026-09-09T17:42:17,87,228.36,95,24074
2026-09-09T17:42:27,87,229.16,97,24074
2026-09-09T17:42:37,87,229.21,95,24074
2026-09-09T17:42:47,85,211.11,95,24074
2026-09-09T17:42:57,86,220.99,95,24074
2026-09-09T17:43:07,86,204.44,100,24074
2026-09-09T17:43:17,71,106.28,0,24074
2026-09-09T17:43:27,84,203.43,100,24074
2026-09-09T17:43:37,88,246.52,95,24074
2026-09-09T17:43:47,88,239.72,94,24074
2026-09-09T17:43:57,87,229.28,94,24074
2026-09-09T17:44:07,87,230.53,94,24074
2026-09-09T17:44:18,87,228.65,95,24074
2026-09-09T17:44:28,86,226.94,94,24074
2026-09-09T17:44:38,86,225.21,94,24074
2026-09-09T17:44:48,87,229.55,94,24074
2026-09-09T17:44:58,88,221.13,94,24074
2026-09-09T17:45:08,81,237.79,24,24074
2026-09-09T17:45:18,88,230.27,100,24074
2026-09-09T17:45:28,87,235.08,95,24074
2026-09-09T17:45:38,87,233.87,94,24074
2026-09-09T17:45:48,86,224.25,94,24074
2026-09-09T17:45:58,87,231.42,95,24074
2026-09-09T17:46:08,80,192.97,0,24074
2026-09-09T17:46:18,87,228.43,94,24074
2026-09-09T17:46:28,88,221.61,94,24074
2026-09-09T17:46:38,87,238.3,94,24074
2026-09-09T17:46:48,87,232.24,96,24074
2026-09-09T17:46:59,88,210.86,100,24074
2026-09-09T17:47:09,87,213.23,100,24074
2026-09-09T17:47:19,87,226.73,94,24074
2026-09-09T17:47:29,86,222.8,93,24074
2026-09-09T17:47:39,87,227.54,93,24074
2026-09-09T17:47:49,87,232.31,91,24074
2026-09-09T17:47:59,87,222.12,91,24074
2026-09-09T17:48:09,87,228.54,89,24074
2026-09-09T17:48:19,87,226.34,93,24074
2026-09-09T17:48:29,86,222.13,89,24074
2026-09-09T17:48:39,86,224.36,89,24074
2026-09-09T17:48:49,86,225.11,88,24074
2026-09-09T17:48:59,86,223.2,94,24074
2026-09-09T17:49:09,86,236.21,85,24074
2026-09-09T17:49:19,86,224.98,86,24074
2026-09-09T17:49:30,86,223.75,92,24074
2026-09-09T17:49:40,86,226.52,87,24074
2026-09-09T17:49:50,76,113.63,88,24074
2026-09-09T17:50:00,86,208.23,100,24074
2026-09-09T17:50:10,88,218.21,100,24074
2026-09-09T17:50:20,88,209.29,100,24074
2026-09-09T17:50:30,88,207.37,100,24074
2026-09-09T17:50:40,88,222.91,100,24074
2026-09-09T17:50:50,86,215.13,100,24074
2026-09-09T17:51:00,86,206.36,100,24074
2026-09-09T17:51:10,87,215.61,100,24074
2026-09-09T17:51:20,86,206.12,100,24074
2026-09-09T17:51:30,88,219.82,98,24074
2026-09-09T17:51:40,85,205.03,100,24074
2026-09-09T17:51:50,86,206.32,100,24074
2026-09-09T17:52:01,85,218.29,100,24074
2026-09-09T17:52:11,86,213.05,100,24074
2026-09-09T17:52:21,87,243.75,96,24074
2026-09-09T17:52:31,88,208.17,100,24074
2026-09-09T17:52:41,87,224.7,94,24074
2026-09-09T17:52:51,88,233.27,95,24074
2026-09-09T17:53:01,87,231.03,92,24074
2026-09-09T17:53:11,89,190.86,100,24074
2026-09-09T17:53:21,86,221.84,95,24074
2026-09-09T17:53:31,88,206.17,100,24074
2026-09-09T17:53:41,87,237.56,95,24074
2026-09-09T17:53:51,87,218.3,94,24074
2026-09-09T17:54:01,85,272.72,93,24074
2026-09-09T17:54:11,82,215.06,0,24074
2026-09-09T17:54:21,49,16.85,0,24074
2026-09-09T17:54:31,42,9.67,0,24074
2026-09-09T17:54:42,40,8.48,0,24074
2026-09-09T17:54:52,39,7.84,0,24074
2026-09-09T17:55:02,39,7.81,0,24074
2026-09-09T17:55:12,38,7.45,0,24074
2026-09-09T17:55:22,38,7.55,0,24074
2026-09-09T17:55:32,37,7.26,0,24074
2026-09-09T17:55:42,37,7.21,0,24074
2026-09-09T17:55:52,37,7.13,0,24074
2026-09-09T17:56:02,39,18.64,21,24074
2026-09-09T17:56:12,54,276.72,90,24074
2026-09-09T17:56:22,68,277.52,88,24074
2026-09-09T17:56:32,88,278.36,93,24074
2026-09-09T17:56:42,89,234.12,93,24074
2026-09-09T17:56:52,89,234.6,92,24074
2026-09-09T17:57:02,88,210.97,100,24074
2026-09-09T17:57:12,80,156.16,0,24074
2026-09-09T17:57:23,86,205.14,100,24074
2026-09-09T17:57:33,88,242.74,94,24074
2026-09-09T17:57:43,88,263.27,95,24074
2026-09-09T17:57:53,87,232.29,95,24074
2026-09-09T17:58:03,87,228.27,94,24074
2026-09-09T17:58:13,87,228.42,94,24074
2026-09-09T17:58:23,87,227,94,24074
2026-09-09T17:58:33,86,226.99,95,24074
2026-09-09T17:58:43,87,226.74,97,24074
2026-09-09T17:58:53,87,231.66,94,24074
2026-09-09T17:59:03,87,226.73,95,24074
2026-09-09T17:59:13,88,249.68,91,24074
2026-09-09T17:59:23,83,205.18,0,24074
2026-09-09T17:59:33,87,228.82,94,24074
2026-09-09T17:59:43,87,228.26,94,24074
2026-09-09T17:59:53,87,226.38,94,24074
2026-09-09T18:00:04,87,226.26,94,24074
2026-09-09T18:00:14,86,225.87,91,24074
2026-09-09T18:00:24,87,227.33,96,24074
2026-09-09T18:00:34,87,233.77,95,24074
2026-09-09T18:00:44,87,229.47,94,24074
2026-09-09T18:00:54,85,204.81,93,24074
2026-09-09T18:01:04,80,277.82,88,24074
2026-09-09T18:01:14,87,234.8,94,24074
2026-09-09T18:01:24,87,233.14,94,24074
2026-09-09T18:01:34,87,231.61,94,24074
2026-09-09T18:01:44,86,222.32,96,24074
2026-09-09T18:01:54,87,230.28,95,24074
2026-09-09T18:02:04,87,227.98,96,24074
2026-09-09T18:02:14,87,227.22,94,24074
2026-09-09T18:02:24,86,227.75,95,24074
2026-09-09T18:02:34,87,227.29,95,24074
2026-09-09T18:02:45,88,208.33,100,24074
2026-09-09T18:02:55,83,240.07,94,24074
2026-09-09T18:03:05,87,206.94,100,24074
2026-09-09T18:03:15,82,173.83,0,24074
2026-09-09T18:03:25,47,15.22,0,24074
2026-09-09T18:03:35,41,9.23,0,24074
2026-09-09T18:03:45,40,8.05,0,24074
2026-09-09T18:03:55,39,7.71,0,24074
2026-09-09T18:04:05,38,7.59,0,24074
2026-09-09T18:04:15,38,7.37,0,24074
2026-09-09T18:04:25,37,7.52,0,24074
2026-09-09T18:04:35,37,7.43,0,24074
2026-09-09T18:04:45,37,7.14,0,24074
2026-09-09T18:04:55,36,7.16,0,24074
2026-09-09T18:05:05,36,7.11,0,24074
2026-09-09T18:05:15,36,7.17,0,24074
2026-09-09T18:05:26,36,7.13,0,24074
2026-09-09T18:05:36,36,7.26,0,24074
2026-09-09T18:05:46,36,7.05,0,24074
2026-09-09T18:05:56,35,7.32,0,24074
2026-09-09T18:06:06,45,213.13,80,24074
2026-09-09T18:06:16,53,277.99,88,24074
2026-09-09T18:06:26,49,69.94,0,24074
2026-09-09T18:06:36,43,8.2,0,24074
2026-09-09T18:06:46,40,7.69,0,24074
2026-09-09T18:06:56,39,7.68,0,24074
2026-09-09T18:07:06,38,7.41,0,24074
2026-09-09T18:07:16,46,35.86,91,24074
2026-09-09T18:07:26,56,276.89,89,24074
2026-09-09T18:07:36,68,279.67,89,24074
2026-09-09T18:07:46,83,226.18,87,24074
2026-09-09T18:07:56,90,258.73,94,24074
2026-09-09T18:08:06,85,205.51,100,24074
2026-09-09T18:08:17,77,158.49,0,24074
2026-09-09T18:08:27,46,13.83,0,24074
2026-09-09T18:08:37,42,9.15,0,24074
2026-09-09T18:08:47,40,8.07,0,24074
2026-09-09T18:08:57,39,8.01,0,24074
2026-09-09T18:09:07,38,7.68,0,24074
2026-09-09T18:09:17,38,7.62,0,24074
2026-09-09T18:09:27,37,7.27,0,24074
2026-09-09T18:09:37,38,11.25,79,24074
2026-09-09T18:09:47,52,264.74,99,24074
2026-09-09T18:09:57,62,277.93,87,24074
2026-09-09T18:10:07,75,264.81,0,24074
2026-09-09T18:10:17,86,209.07,100,24074
2026-09-09T18:10:27,90,243.96,90,24074
2026-09-09T18:10:37,72,122.64,99,24074
2026-09-09T18:10:47,86,205.28,100,24074
2026-09-09T18:10:57,88,248.98,90,24074
2026-09-09T18:11:08,88,238.01,94,24074
2026-09-09T18:11:18,86,224.74,0,24074
2026-09-09T18:11:28,79,193.34,79,24074
2026-09-09T18:11:38,86,204.75,100,24074
2026-09-09T18:11:48,87,228.57,95,24074
2026-09-09T18:11:58,88,241.96,93,24074
2026-09-09T18:12:08,87,232.32,94,24074
2026-09-09T18:12:18,87,232.84,94,24074
2026-09-09T18:12:28,86,224.01,94,24074
2026-09-09T18:12:38,86,222.77,96,24074
2026-09-09T18:12:48,87,228.94,93,24074
2026-09-09T18:12:58,87,223.78,92,24074
2026-09-09T18:13:08,86,207.52,66,24074
2026-09-09T18:13:18,87,230.71,94,24074
2026-09-09T18:13:28,86,229.26,89,24074
2026-09-09T18:13:39,87,229.25,88,24074
2026-09-09T18:13:49,86,226.6,94,24074
2026-09-09T18:13:59,86,230.22,97,24074
2026-09-09T18:14:09,86,185.41,100,24074
2026-09-09T18:14:19,85,272.04,94,24074
2026-09-09T18:14:29,88,208.71,100,24074
2026-09-09T18:14:39,87,233.19,94,24074
2026-09-09T18:14:49,88,222.11,100,24074
2026-09-09T18:14:59,88,219.16,100,24074
2026-09-09T18:15:09,88,208.63,100,24074
2026-09-09T18:15:19,88,242.99,82,24074
2026-09-09T18:15:29,88,245.4,91,24074
2026-09-09T18:15:39,86,224.23,94,24074
2026-09-09T18:15:49,87,232.86,83,24074
2026-09-09T18:15:59,87,233.81,91,24074
2026-09-09T18:16:09,87,231.6,91,24074
2026-09-09T18:16:20,87,231.7,91,24074
2026-09-09T18:16:30,87,224.64,89,24074
2026-09-09T18:16:40,87,223.96,89,24074
2026-09-09T18:16:50,86,224.24,82,24074
2026-09-09T18:17:00,87,227.07,83,24074
2026-09-09T18:17:10,87,235.75,86,24074
2026-09-09T18:17:20,86,213.12,89,24074
2026-09-09T18:17:30,87,223.93,92,24074
2026-09-09T18:17:40,87,226.06,74,24074
2026-09-09T18:17:50,85,210.28,79,24074
2026-09-09T18:18:00,87,235.55,91,24074
2026-09-09T18:18:10,87,229.88,87,24074
2026-09-09T18:18:20,86,221.23,83,24074
2026-09-09T18:18:30,68,113.35,0,24074
2026-09-09T18:18:40,87,213.03,100,24074
2026-09-09T18:18:51,87,206.1,100,24074
2026-09-09T18:19:01,87,214.47,100,24074
2026-09-09T18:19:11,88,217.47,100,24074
2026-09-09T18:19:21,87,207.7,100,24074
2026-09-09T18:19:31,86,225.25,100,24074
2026-09-09T18:19:41,87,208.34,100,24074
2026-09-09T18:19:51,86,216.34,100,24074
2026-09-09T18:20:01,85,204.8,100,24074
2026-09-09T18:20:11,86,207.12,100,24074
2026-09-09T18:20:21,89,223.85,100,24074
2026-09-09T18:20:31,87,208.54,100,24074
2026-09-09T18:20:41,87,225.66,100,24074
2026-09-09T18:20:51,87,239.74,93,24074
2026-09-09T18:21:01,84,224.75,24,24074
2026-09-09T18:21:11,88,243.61,94,24074
2026-09-09T18:21:21,88,238.59,95,24074
2026-09-09T18:21:31,87,234.52,95,24074
2026-09-09T18:21:42,88,207.57,100,24074
2026-09-09T18:21:52,88,236.73,94,24074
2026-09-09T18:22:02,87,228.55,94,24074
2026-09-09T18:22:12,87,228.64,96,24074
2026-09-09T18:22:22,85,211.97,97,24074
2026-09-09T18:22:32,87,229.85,97,24074
2026-09-09T18:22:42,88,221.97,96,24074
2026-09-09T18:22:52,87,228.53,97,24074
2026-09-09T18:23:02,87,230.36,96,24074
2026-09-09T18:23:12,87,230.76,95,24074
2026-09-09T18:23:22,86,225.41,97,24074
2026-09-09T18:23:32,87,225.5,94,24074
2026-09-09T18:23:42,87,225.61,94,24074
2026-09-09T18:23:52,87,222.43,95,24074
2026-09-09T18:24:02,86,220.65,94,24074
2026-09-09T18:24:12,86,221.06,96,24074
2026-09-09T18:24:22,88,205.9,100,24074
2026-09-09T18:24:33,71,99.61,71,24074
2026-09-09T18:24:43,87,207.48,100,24074
2026-09-09T18:24:53,87,231.65,95,24074
2026-09-09T18:25:03,87,230.17,94,24074
2026-09-09T18:25:13,88,237.83,95,24074
2026-09-09T18:25:23,86,211.91,0,24074
2026-09-09T18:25:33,88,237.62,85,24074
2026-09-09T18:25:43,88,255.28,95,24074
2026-09-09T18:25:53,87,229.15,95,24074
2026-09-09T18:26:03,87,227.6,95,24074
2026-09-09T18:26:13,87,227.4,96,24074
2026-09-09T18:26:23,87,225.95,95,24074
2026-09-09T18:26:33,87,223.85,96,24074
2026-09-09T18:26:43,86,223.19,88,24074
2026-09-09T18:26:53,86,223.67,95,24074
2026-09-09T18:27:03,86,223.15,96,24074
2026-09-09T18:27:13,86,237.12,97,24074
2026-09-09T18:27:24,87,230.98,95,24074
2026-09-09T18:27:34,87,227.05,95,24074
2026-09-09T18:27:44,87,233.48,94,24074
2026-09-09T18:27:54,86,216.35,93,24074
2026-09-09T18:28:04,86,205.6,100,24074
2026-09-09T18:28:14,88,233.75,94,24074
2026-09-09T18:28:24,87,234.3,93,24074
2026-09-09T18:28:34,87,232.14,94,24074
2026-09-09T18:28:44,87,231.23,94,24074
2026-09-09T18:28:54,87,226.14,91,24074
2026-09-09T18:29:04,87,226.7,94,24074
2026-09-09T18:29:14,87,230.27,93,24074
2026-09-09T18:29:24,87,226.1,90,24074
2026-09-09T18:29:34,87,225.21,93,24074
2026-09-09T18:29:44,87,226.77,87,24074
2026-09-09T18:29:55,86,225.43,88,24074
2026-09-09T18:30:05,86,226.09,86,24074
2026-09-09T18:30:15,85,216.28,99,24074
2026-09-09T18:30:25,87,224.4,84,24074
2026-09-09T18:30:35,87,225.51,85,24074
2026-09-09T18:30:45,87,229.06,84,24074
2026-09-09T18:30:55,87,224.47,83,24074
2026-09-09T18:31:05,87,222.01,83,24074
2026-09-09T18:31:15,86,224.43,82,24074
2026-09-09T18:31:25,85,201.55,98,24074
2026-09-09T18:31:35,87,231.62,83,24074
2026-09-09T18:31:45,87,227.22,80,24074
2026-09-09T18:31:55,86,212.16,90,24074
2026-09-09T18:32:05,88,243.19,77,24074
2026-09-09T18:32:15,86,219.99,91,24074
2026-09-09T18:32:25,86,216.08,80,24074
2026-09-09T18:32:36,86,226.52,77,24074
2026-09-09T18:32:46,85,238.67,95,24074
2026-09-09T18:32:56,84,211.04,98,24074
2026-09-09T18:33:06,88,250.29,73,24074
2026-09-09T18:33:16,85,200.11,74,24074
2026-09-09T18:33:26,89,250.94,73,24074
2026-09-09T18:33:36,87,240.54,73,24074
2026-09-09T18:33:46,83,218.47,98,24074
2026-09-09T18:33:56,89,231.48,68,24074
2026-09-09T18:34:06,86,216.18,86,24074
2026-09-09T18:34:16,84,220.08,98,24074
2026-09-09T18:34:26,88,228.81,70,24074
2026-09-09T18:34:36,80,165.39,0,24074
2026-09-09T18:34:46,49,17.12,0,24074
2026-09-09T18:34:56,42,9.92,0,24074
2026-09-09T18:35:06,41,8.38,0,24074
2026-09-09T18:35:16,40,7.97,0,24074
2026-09-09T18:35:26,39,7.75,0,24074
2026-09-09T18:35:37,52,259.82,100,24074
2026-09-09T18:35:47,65,262.55,100,24074
2026-09-09T18:35:57,82,262.85,87,24074
2026-09-09T18:36:07,89,262.26,95,24074
2026-09-09T18:36:17,90,246,93,24074
2026-09-09T18:36:27,88,235.55,95,24074
2026-09-09T18:36:37,88,231.48,95,24074
2026-09-09T18:36:47,87,230.74,96,24074
2026-09-09T18:36:57,85,200.23,0,24074
2026-09-09T18:37:07,87,225.02,95,24074
2026-09-09T18:37:17,88,207.3,100,24074
2026-09-09T18:37:27,87,221.97,100,24074
2026-09-09T18:37:37,87,233.23,93,24074
2026-09-09T18:37:47,87,229.8,96,24074
2026-09-09T18:37:57,87,230.25,94,24074
2026-09-09T18:38:08,87,230.09,95,24074
2026-09-09T18:38:18,87,226.48,97,24074
2026-09-09T18:38:28,86,199.85,100,24074
2026-09-09T18:38:38,88,222.78,93,24074
2026-09-09T18:38:48,87,235.54,93,24074
2026-09-09T18:38:58,87,228.44,93,24074
2026-09-09T18:39:08,87,228.63,94,24074
2026-09-09T18:39:18,87,228.54,95,24074
2026-09-09T18:39:28,85,216.9,98,24074
2026-09-09T18:39:38,87,233.91,94,24074
2026-09-09T18:39:48,87,228.12,94,24074
2026-09-09T18:39:58,86,226.48,92,24074
2026-09-09T18:40:08,87,226.31,94,24074
2026-09-09T18:40:18,87,226.32,90,24074
2026-09-09T18:40:28,87,226.28,91,24074
2026-09-09T18:40:39,87,225.58,92,24074
2026-09-09T18:40:49,86,226.28,90,24074
2026-09-09T18:40:59,86,226.29,89,24074
2026-09-09T18:41:09,87,225.44,88,24074
2026-09-09T18:41:19,87,239.33,91,24074
2026-09-09T18:41:29,86,224.85,87,24074
2026-09-09T18:41:39,87,224.51,87,24074
2026-09-09T18:41:49,87,226.52,92,24074
2026-09-09T18:41:59,86,227.25,91,24074
2026-09-09T18:42:09,87,226.05,91,24074
2026-09-09T18:42:19,87,227.95,84,24074
2026-09-09T18:42:29,87,226,83,24074
2026-09-09T18:42:39,87,224.19,82,24074
2026-09-09T18:42:49,76,145.22,0,24074
2026-09-09T18:42:59,47,14.91,0,24074
2026-09-09T18:43:10,63,265.57,100,24074
2026-09-09T18:43:20,86,229.99,100,24074
2026-09-09T18:43:30,82,202.31,100,24074
2026-09-09T18:43:40,87,227.64,100,24074
2026-09-09T18:43:50,86,221.22,72,24074
2026-09-09T18:44:00,87,215.47,100,24074
2026-09-09T18:44:10,83,203.09,100,24074
2026-09-09T18:44:20,86,208.87,100,24074
2026-09-09T18:44:30,87,227.55,100,24074
2026-09-09T18:44:40,85,276.34,94,24074
2026-09-09T18:44:50,88,232.95,84,24074
2026-09-09T18:45:00,88,238.97,97,24074
2026-09-09T18:45:10,87,229.49,95,24074
2026-09-09T18:45:20,88,233.68,93,24074
2026-09-09T18:45:30,88,233.38,95,24074
2026-09-09T18:45:40,87,226.18,95,24074
2026-09-09T18:45:51,88,239.06,95,24074
2026-09-09T18:46:01,87,205.75,100,24074
2026-09-09T18:46:11,88,238.73,91,24074
2026-09-09T18:46:21,88,234.71,96,24074
2026-09-09T18:46:31,87,228.82,97,24074
2026-09-09T18:46:41,88,233.95,95,24074
2026-09-09T18:46:51,87,208.99,95,24074
2026-09-09T18:47:01,84,270.64,28,24074
2026-09-09T18:47:11,85,214.02,100,24074
2026-09-09T18:47:21,88,241.82,95,24074
2026-09-09T18:47:31,87,232.38,94,24074
2026-09-09T18:47:41,88,232.56,94,24074
2026-09-09T18:47:51,89,212.5,100,24074
2026-09-09T18:48:01,88,236.85,94,24074
2026-09-09T18:48:11,87,225,94,24074
2026-09-09T18:48:21,87,230.02,92,24074
2026-09-09T18:48:32,87,229.4,85,24074
2026-09-09T18:48:42,87,230,94,24074
2026-09-09T18:48:52,88,239.2,94,24074
2026-09-09T18:49:02,87,228.64,94,24074
2026-09-09T18:49:12,87,230.41,95,24074
2026-09-09T18:49:22,87,226.44,95,24074
2026-09-09T18:49:32,87,217.04,100,24074
2026-09-09T18:49:42,87,239.2,95,24074
2026-09-09T18:49:52,87,228.63,92,24074
2026-09-09T18:50:02,87,227.88,93,24074
2026-09-09T18:50:12,81,160.78,0,24074
2026-09-09T18:50:22,88,204.54,100,24074
2026-09-09T18:50:32,88,239.7,93,24074
2026-09-09T18:50:42,87,232.18,93,24074
2026-09-09T18:50:52,84,211.54,0,24074
2026-09-09T18:51:02,87,224.44,94,24074
2026-09-09T18:51:13,87,228.35,93,24074
2026-09-09T18:51:23,87,228.4,94,24074
2026-09-09T18:51:33,87,229.07,93,24074
2026-09-09T18:51:43,87,228.29,95,24074
2026-09-09T18:51:53,88,211.29,100,24074
2026-09-09T18:52:03,88,242.13,94,24074
2026-09-09T18:52:13,88,235.96,92,24074
2026-09-09T18:52:23,88,230.29,95,24074
2026-09-09T18:52:33,88,230.34,95,24074
2026-09-09T18:52:43,87,228.24,95,24074
2026-09-09T18:52:53,87,226.36,95,24074
2026-09-09T18:53:03,88,211.16,100,24074
2026-09-09T18:53:13,68,114.42,0,24074
2026-09-09T18:53:23,87,226.99,94,24074
2026-09-09T18:53:33,88,237.65,96,24074
2026-09-09T18:53:43,87,226.31,95,24074
2026-09-09T18:53:54,88,231.36,96,24074
2026-09-09T18:54:04,87,226.63,96,24074
2026-09-09T18:54:14,89,208.18,100,24074
2026-09-09T18:54:24,87,233.04,93,24074
2026-09-09T18:54:34,88,234.7,93,24074
2026-09-09T18:54:44,88,232.4,95,24074
2026-09-09T18:54:54,87,224.89,99,24074
2026-09-09T18:55:04,87,222.68,94,24074
2026-09-09T18:55:14,87,220.3,93,24074
2026-09-09T18:55:24,88,232.09,94,24074
2026-09-09T18:55:34,88,232.31,93,24074
2026-09-09T18:55:44,87,228.8,98,24074
2026-09-09T18:55:54,87,226.76,100,24074
2026-09-09T18:56:04,89,258.36,86,24074
2026-09-09T18:56:14,87,227.97,94,24074
2026-09-09T18:56:24,88,227.3,94,24074
2026-09-09T18:56:35,87,227.73,94,24074
2026-09-09T18:56:45,87,225.63,96,24074
2026-09-09T18:56:55,87,203.84,100,24074
2026-09-09T18:57:05,88,220.08,25,24074
2026-09-09T18:57:15,88,233.81,95,24074
2026-09-09T18:57:25,88,233.75,95,24074
2026-09-09T18:57:35,87,232.69,83,24074
2026-09-09T18:57:45,87,228.21,94,24074
2026-09-09T18:57:55,87,232.71,94,24074
2026-09-09T18:58:05,88,232.99,94,24074
2026-09-09T18:58:15,87,229.19,95,24074
2026-09-09T18:58:25,87,202.52,94,24074
2026-09-09T18:58:35,87,242.03,37,24074
